Sample.name	Sample.name	Superpopulation.code	Sample.GMme2	Sex	Biosample.ID	Population.code	Population.name	Superpopulation.name	Population.elastic.ID	Data.collections
HG00178	HG00178	EUR	HG00178	female	SAME124964	FIN	Finnish	European Ancestry	FIN	"1000 Genomes on GRCh38,1000 Genomes 30x on GRCh38,1000 Genomes phase 3 release,1000 Genomes phase 1 release,Geuvadis"
HG00185	HG00185	EUR	HG00185	male	SAME123648	FIN	Finnish	European Ancestry	FIN	"1000 Genomes on GRCh38,1000 Genomes 30x on GRCh38,1000 Genomes phase 3 release,1000 Genomes phase 1 release,Geuvadis"
HG00116	HG00116	EUR	HG00116	male	SAME125345	GBR	British	European Ancestry	GBR	"1000 Genomes on GRCh38,1000 Genomes 30x on GRCh38,1000 Genomes phase 3 release,1000 Genomes phase 1 release,Geuvadis"
HG00142	HG00142	EUR	HG00142	male	SAME124818	GBR	British	European Ancestry	GBR	"1000 Genomes on GRCh38,1000 Genomes 30x on GRCh38,1000 Genomes phase 3 release,1000 Genomes phase 1 release,Geuvadis"
HG00154	HG00154	EUR	HG00154	female	SAME124587	GBR	British	European Ancestry	GBR	"1000 Genomes on GRCh38,1000 Genomes 30x on GRCh38,1000 Genomes phase 3 release,1000 Genomes phase 1 release,Geuvadis"
HG00250	HG00250	EUR	HG00250	female	SAME123054	GBR	British	European Ancestry	GBR	"1000 Genomes on GRCh38,1000 Genomes 30x on GRCh38,1000 Genomes phase 3 release,1000 Genomes phase 1 release,Geuvadis"
HG00262	HG00262	EUR	HG00262	female	SAME123580	GBR	British	European Ancestry	GBR	"1000 Genomes on GRCh38,1000 Genomes 30x on GRCh38,1000 Genomes phase 3 release,1000 Genomes phase 1 release,Geuvadis"
HG00267	HG00267	EUR	HG00267	male	SAME123577	FIN	Finnish	European Ancestry	FIN	"1000 Genomes on GRCh38,1000 Genomes 30x on GRCh38,1000 Genomes phase 3 release,1000 Genomes phase 1 release,Geuvadis"
HG00274	HG00274	EUR	HG00274	female	SAME123422	FIN	Finnish	European Ancestry	FIN	"1000 Genomes on GRCh38,1000 Genomes 30x on GRCh38,1000 Genomes phase 3 release,1000 Genomes phase 1 release,Geuvadis"
HG00281	HG00281	EUR	HG00281	female	SAME122832	FIN	Finnish	European Ancestry	FIN	"1000 Genomes on GRCh38,1000 Genomes 30x on GRCh38,1000 Genomes phase 3 release,1000 Genomes phase 1 release,Geuvadis"
HG00111	HG00111	EUR	HG00111	female	SAME125340	GBR	British	European Ancestry	GBR	"1000 Genomes on GRCh38,1000 Genomes 30x on GRCh38,1000 Genomes phase 3 release,1000 Genomes phase 1 release,Geuvadis"
HG00332	HG00332	EUR	HG00332	female	SAME123987	FIN	Finnish	European Ancestry	FIN	"1000 Genomes on GRCh38,1000 Genomes 30x on GRCh38,1000 Genomes phase 3 release,1000 Genomes phase 1 release,Geuvadis"
HG00337	HG00337	EUR	HG00337	female	SAME123984	FIN	Finnish	European Ancestry	FIN	"1000 Genomes on GRCh38,1000 Genomes 30x on GRCh38,1000 Genomes phase 3 release,1000 Genomes phase 1 release,Geuvadis"
HG00344	HG00344	EUR	HG00344	female	SAME125255	FIN	Finnish	European Ancestry	FIN	"1000 Genomes on GRCh38,1000 Genomes 30x on GRCh38,1000 Genomes phase 3 release,1000 Genomes phase 1 release,Geuvadis"
HG00351	HG00351	EUR	HG00351	male	SAME125122	FIN	Finnish	European Ancestry	FIN	"1000 Genomes on GRCh38,1000 Genomes 30x on GRCh38,1000 Genomes phase 3 release,1000 Genomes phase 1 release,Geuvadis"
HG00368	HG00368	EUR	HG00368	female	SAME124535	FIN	Finnish	European Ancestry	FIN	"1000 Genomes on GRCh38,1000 Genomes 30x on GRCh38,1000 Genomes phase 3 release,1000 Genomes phase 1 release"
HG00382	HG00382	EUR	HG00382	male	SAME123033	FIN	Finnish	European Ancestry	FIN	"1000 Genomes on GRCh38,1000 Genomes 30x on GRCh38,1000 Genomes phase 3 release,1000 Genomes phase 1 release,Geuvadis"
HG00306	HG00306	EUR	HG00306	female	SAME124159	FIN	Finnish	European Ancestry	FIN	"1000 Genomes on GRCh38,1000 Genomes 30x on GRCh38,1000 Genomes phase 3 release,1000 Genomes phase 1 release,Geuvadis"
HG00313	HG00313	EUR	HG00313	female	SAME124337	FIN	Finnish	European Ancestry	FIN	"1000 Genomes on GRCh38,1000 Genomes 30x on GRCh38,1000 Genomes phase 3 release,1000 Genomes phase 1 release,Geuvadis"
HG00320	HG00320	EUR	HG00320	female	SAME123797	FIN	Finnish	European Ancestry	FIN	"1000 Genomes on GRCh38,1000 Genomes 30x on GRCh38,1000 Genomes phase 3 release,1000 Genomes phase 1 release,Geuvadis"
HG00325	HG00325	EUR	HG00325	male	SAME123793	FIN	Finnish	European Ancestry	FIN	"1000 Genomes on GRCh38,1000 Genomes 30x on GRCh38,1000 Genomes phase 3 release,1000 Genomes phase 1 release,Geuvadis"
HG01633	HG01633	EUR	HG01633	male	SAME124033	IBS	Iberian	European Ancestry	IBS	"1000 Genomes 30x on GRCh38,1000 Genomes phase 3 release"
HG01669	HG01669	EUR	HG01669	male	SAME123110	IBS	Iberian	European Ancestry	IBS	"1000 Genomes on GRCh38,1000 Genomes 30x on GRCh38,1000 Genomes phase 3 release"
HG01614	HG01614	EUR	HG01614	female	SAME123627	IBS	Iberian	European Ancestry	IBS	"1000 Genomes 30x on GRCh38,1000 Genomes phase 3 release"
HG01695	HG01695	EUR	HG01695	female	SAME124845	IBS	Iberian	European Ancestry	IBS	"1000 Genomes on GRCh38,1000 Genomes 30x on GRCh38,1000 Genomes phase 3 release"
HG01703	HG01703	EUR	HG01703	male	SAME123260	IBS	Iberian	European Ancestry	IBS	"1000 Genomes 30x on GRCh38,1000 Genomes phase 3 release"
HG01765	HG01765	EUR	HG01765	male	SAME1839681	IBS	Iberian	European Ancestry	IBS	"1000 Genomes on GRCh38,1000 Genomes 30x on GRCh38,1000 Genomes phase 3 release"
HG01683	HG01683	EUR	HG01683	male	SAME124653	IBS	Iberian	European Ancestry	IBS	"1000 Genomes 30x on GRCh38,1000 Genomes phase 3 release"
HG01789	HG01789	EUR	HG01789	male	SAME124433	GBR	British	European Ancestry	GBR	"1000 Genomes on GRCh38,1000 Genomes 30x on GRCh38,1000 Genomes phase 3 release,Geuvadis"
HG02232	HG02232	EUR	HG02232	female	SAME1839374	IBS	Iberian	European Ancestry	IBS	"1000 Genomes on GRCh38,1000 Genomes 30x on GRCh38,1000 Genomes phase 3 release"
HG02612	HG02612	AFR	HG02612	male	SAME1840394	GWD	Gambian Mandinka	African Ancestry	GWD	1000 Genomes 30x on GRCh38
HG02770	HG02770	AFR	HG02770	female	SAME1839049	GWD	Gambian Mandinka	African Ancestry	GWD	1000 Genomes 30x on GRCh38
HG02984	HG02984	AFR	HG02984	male	SAME1840004	GWD	Gambian Mandinka	African Ancestry	GWD	1000 Genomes 30x on GRCh38
HG00103	HG00103	EUR	HG00103	male	SAME125151	GBR	British	European Ancestry	GBR	"1000 Genomes on GRCh38,1000 Genomes 30x on GRCh38,1000 Genomes phase 3 release,1000 Genomes phase 1 release,Geuvadis"
HG00108	HG00108	EUR	HG00108	male	SAME125161	GBR	British	European Ancestry	GBR	"1000 Genomes on GRCh38,1000 Genomes 30x on GRCh38,1000 Genomes phase 3 release,1000 Genomes phase 1 release,Geuvadis"
HG02883	HG02883	AFR	HG02883	male	SAME1840164	GWD	Gambian Mandinka	African Ancestry	GWD	1000 Genomes 30x on GRCh38
HG00110	HG00110	EUR	HG00110	female	SAME125339	GBR	British	European Ancestry	GBR	"1000 Genomes on GRCh38,1000 Genomes 30x on GRCh38,1000 Genomes phase 3 release,1000 Genomes phase 1 release,Geuvadis"
HG02895	HG02895	AFR	HG02895	male	SAME1839918	GWD	Gambian Mandinka	African Ancestry	GWD	"1000 Genomes on GRCh38,1000 Genomes 30x on GRCh38,1000 Genomes phase 3 release"
HG02819	HG02819	AFR	HG02819	male	SAME1839804	GWD	Gambian Mandinka	African Ancestry	GWD	"1000 Genomes on GRCh38,1000 Genomes 30x on GRCh38,1000 Genomes phase 3 release"
HG02852	HG02852	AFR	HG02852	female	SAME1839346	GWD	Gambian Mandinka	African Ancestry	GWD	"1000 Genomes on GRCh38,1000 Genomes 30x on GRCh38,1000 Genomes phase 3 release"
HG02965	HG02965	AFR	HG02965	male	SAME1840116	ESN	Esan	African Ancestry	ESN	"1000 Genomes on GRCh38,1000 Genomes 30x on GRCh38"
HG00254	HG00254	EUR	HG00254	female	SAME123050	GBR	British	European Ancestry	GBR	"1000 Genomes on GRCh38,1000 Genomes 30x on GRCh38,1000 Genomes phase 3 release,1000 Genomes phase 1 release"
HG03026	HG03026	AFR	HG03026	female	SAME1839714	GWD	Gambian Mandinka	African Ancestry	GWD	1000 Genomes 30x on GRCh38
HG00259	HG00259	EUR	HG00259	female	SAME123056	GBR	British	European Ancestry	GBR	"1000 Genomes on GRCh38,1000 Genomes 30x on GRCh38,1000 Genomes phase 3 release,1000 Genomes phase 1 release,Geuvadis"
HG03040	HG03040	AFR	HG03040	female	SAME1839611	GWD	Gambian Mandinka	African Ancestry	GWD	"1000 Genomes on GRCh38,1000 Genomes 30x on GRCh38,1000 Genomes phase 3 release"
HG00273	HG00273	EUR	HG00273	male	SAME123419	FIN	Finnish	European Ancestry	FIN	"1000 Genomes on GRCh38,1000 Genomes 30x on GRCh38,1000 Genomes phase 3 release,1000 Genomes phase 1 release,Geuvadis"
HG00278	HG00278	EUR	HG00278	male	SAME123425	FIN	Finnish	European Ancestry	FIN	"1000 Genomes on GRCh38,1000 Genomes 30x on GRCh38,1000 Genomes phase 3 release,1000 Genomes phase 1 release,Geuvadis"
HG00280	HG00280	EUR	HG00280	male	SAME122831	FIN	Finnish	European Ancestry	FIN	"1000 Genomes on GRCh38,1000 Genomes 30x on GRCh38,1000 Genomes phase 3 release,1000 Genomes phase 1 release,Geuvadis"
HG00329	HG00329	EUR	HG00329	male	SAME123798	FIN	Finnish	European Ancestry	FIN	"1000 Genomes on GRCh38,1000 Genomes 30x on GRCh38,1000 Genomes phase 3 release,1000 Genomes phase 1 release,Geuvadis"
HG00336	HG00336	EUR	HG00336	male	SAME123983	FIN	Finnish	European Ancestry	FIN	"1000 Genomes on GRCh38,1000 Genomes 30x on GRCh38,1000 Genomes phase 3 release,1000 Genomes phase 1 release,Geuvadis"
HG02869	HG02869	AFR	HG02869	male	SAME1839184	GWD	Gambian Mandinka	African Ancestry	GWD	"1000 Genomes on GRCh38,1000 Genomes 30x on GRCh38"
HG00343	HG00343	EUR	HG00343	female	SAME124923	FIN	Finnish	European Ancestry	FIN	"1000 Genomes on GRCh38,1000 Genomes 30x on GRCh38,1000 Genomes phase 3 release,1000 Genomes phase 1 release,Geuvadis"
HG00350	HG00350	EUR	HG00350	female	SAME125121	FIN	Finnish	European Ancestry	FIN	"1000 Genomes on GRCh38,1000 Genomes 30x on GRCh38,1000 Genomes phase 3 release,1000 Genomes phase 1 release,Geuvadis"
HG02977	HG02977	AFR	HG02977	male	SAME1840221	ESN	Esan	African Ancestry	ESN	"1000 Genomes on GRCh38,1000 Genomes 30x on GRCh38,1000 Genomes phase 3 release"
HG03209	HG03209	AFR	HG03209	male	SAME1839551	MSL	Mende	African Ancestry	MSL	"1000 Genomes on GRCh38,1000 Genomes 30x on GRCh38,1000 Genomes phase 3 release"
HG00146	HG00146	EUR	HG00146	female	SAME124390	GBR	British	European Ancestry	GBR	"1000 Genomes on GRCh38,1000 Genomes 30x on GRCh38,1000 Genomes phase 3 release,1000 Genomes phase 1 release,Geuvadis"
HG00158	HG00158	EUR	HG00158	female	SAME124585	GBR	British	European Ancestry	GBR	"1000 Genomes on GRCh38,1000 Genomes 30x on GRCh38,1000 Genomes phase 3 release,1000 Genomes phase 1 release,Geuvadis"
HG03088	HG03088	AFR	HG03088	female	SAME1840338	MSL	Mende	African Ancestry	MSL	"1000 Genomes on GRCh38,1000 Genomes 30x on GRCh38,1000 Genomes phase 3 release"
HG03095	HG03095	AFR	HG03095	female	SAME1840374	MSL	Mende	African Ancestry	MSL	"1000 Genomes on GRCh38,1000 Genomes 30x on GRCh38,1000 Genomes phase 3 release"
HG00177	HG00177	EUR	HG00177	female	SAME124957	FIN	Finnish	European Ancestry	FIN	"1000 Genomes on GRCh38,1000 Genomes 30x on GRCh38,1000 Genomes phase 3 release,1000 Genomes phase 1 release,Geuvadis"
HG00189	HG00189	EUR	HG00189	male	SAME123640	FIN	Finnish	European Ancestry	FIN	"1000 Genomes on GRCh38,1000 Genomes 30x on GRCh38,1000 Genomes phase 3 release,1000 Genomes phase 1 release,Geuvadis"
HG03189	HG03189	AFR	HG03189	female	SAME1840226	ESN	Esan	African Ancestry	ESN	"1000 Genomes on GRCh38,1000 Genomes 30x on GRCh38,1000 Genomes phase 3 release"
HG00242	HG00242	EUR	HG00242	male	SAME123223	GBR	British	European Ancestry	GBR	"1000 Genomes on GRCh38,1000 Genomes 30x on GRCh38,1000 Genomes phase 3 release,1000 Genomes phase 1 release,Geuvadis"
HG03134	HG03134	AFR	HG03134	male	SAME1839380	ESN	Esan	African Ancestry	ESN	1000 Genomes 30x on GRCh38
HG03069	HG03069	AFR	HG03069	male	SAME1839340	MSL	Mende	African Ancestry	MSL	"1000 Genomes on GRCh38,1000 Genomes 30x on GRCh38,1000 Genomes phase 3 release"
HG00367	HG00367	EUR	HG00367	female	SAME124540	FIN	Finnish	European Ancestry	FIN	"1000 Genomes on GRCh38,1000 Genomes 30x on GRCh38,1000 Genomes phase 3 release,1000 Genomes phase 1 release,Geuvadis"
HG00381	HG00381	EUR	HG00381	female	SAME123030	FIN	Finnish	European Ancestry	FIN	"1000 Genomes on GRCh38,1000 Genomes 30x on GRCh38,1000 Genomes phase 3 release,1000 Genomes phase 1 release,Geuvadis"
HG00285	HG00285	EUR	HG00285	female	SAME122836	FIN	Finnish	European Ancestry	FIN	"1000 Genomes on GRCh38,1000 Genomes 30x on GRCh38,1000 Genomes phase 3 release,1000 Genomes phase 1 release,Geuvadis"
HG03521	HG03521	AFR	HG03521	male	SAME1840190	ESN	Esan	African Ancestry	ESN	"1000 Genomes on GRCh38,1000 Genomes 30x on GRCh38,1000 Genomes phase 3 release"
HG03538	HG03538	AFR	HG03538	male	SAME1840007	GWD	Gambian Mandinka	African Ancestry	GWD	"1000 Genomes on GRCh38,1000 Genomes 30x on GRCh38,1000 Genomes phase 3 release"
HG03432	HG03432	AFR	HG03432	male	SAME1840107	MSL	Mende	African Ancestry	MSL	"1000 Genomes on GRCh38,1000 Genomes 30x on GRCh38,1000 Genomes phase 3 release"
HG03437	HG03437	AFR	HG03437	female	SAME1840123	MSL	Mende	African Ancestry	MSL	"1000 Genomes on GRCh38,1000 Genomes 30x on GRCh38,1000 Genomes phase 3 release"
HG03343	HG03343	AFR	HG03343	male	SAME1840354	ESN	Esan	African Ancestry	ESN	"1000 Genomes on GRCh38,1000 Genomes 30x on GRCh38,1000 Genomes phase 3 release"
HG03470	HG03470	AFR	HG03470	female	SAME1839670	MSL	Mende	African Ancestry	MSL	"1000 Genomes on GRCh38,1000 Genomes 30x on GRCh38,1000 Genomes phase 3 release"
HG03305	HG03305	AFR	HG03305	female	SAME1839497	ESN	Esan	African Ancestry	ESN	1000 Genomes 30x on GRCh38
HG03499	HG03499	AFR	HG03499	female	SAME1839219	ESN	Esan	African Ancestry	ESN	"1000 Genomes on GRCh38,1000 Genomes 30x on GRCh38,1000 Genomes phase 3 release"
HG03401	HG03401	AFR	HG03401	female	SAME1839299	MSL	Mende	African Ancestry	MSL	"1000 Genomes on GRCh38,1000 Genomes 30x on GRCh38,1000 Genomes phase 3 release"
HG03374	HG03374	AFR	HG03374	female	SAME1839730	ESN	Esan	African Ancestry	ESN	1000 Genomes 30x on GRCh38
HG01536	HG01536	EUR	HG01536	male	SAME125135	IBS	Iberian	European Ancestry	IBS	"1000 Genomes on GRCh38,1000 Genomes 30x on GRCh38,1000 Genomes phase 3 release"
HG01500	HG01500	EUR	HG01500	male	SAME124941	IBS	Iberian	European Ancestry	IBS	"1000 Genomes on GRCh38,1000 Genomes 30x on GRCh38,1000 Genomes phase 3 release"
HG01620	HG01620	EUR	HG01620	female	SAME123844	IBS	Iberian	European Ancestry	IBS	"1000 Genomes on GRCh38,1000 Genomes 30x on GRCh38,1000 Genomes phase 3 release,1000 Genomes phase 1 release"
HG01512	HG01512	EUR	HG01512	male	SAME124769	IBS	Iberian	European Ancestry	IBS	"1000 Genomes on GRCh38,1000 Genomes 30x on GRCh38,1000 Genomes phase 3 release"
HG01529	HG01529	EUR	HG01529	male	SAME125330	IBS	Iberian	European Ancestry	IBS	"1000 Genomes 30x on GRCh38,1000 Genomes phase 3 release"
HG01625	HG01625	EUR	HG01625	male	SAME123839	IBS	Iberian	European Ancestry	IBS	"1000 Genomes on GRCh38,1000 Genomes 30x on GRCh38,1000 Genomes phase 3 release,1000 Genomes phase 1 release"
HG01776	HG01776	EUR	HG01776	female	SAME124632	IBS	Iberian	European Ancestry	IBS	"1000 Genomes on GRCh38,1000 Genomes 30x on GRCh38,1000 Genomes phase 3 release"
NA18521	NA18521	AFR	GM18521	male	SAME123566	YRI	Yoruba	African Ancestry	YRI	"1000 Genomes 30x on GRCh38,1000 Genomes phase 3 release"
NA18502	NA18502	AFR	GM18502	female	SAME125055	YRI	Yoruba	African Ancestry	YRI	"1000 Genomes on GRCh38,1000 Genomes 30x on GRCh38,1000 Genomes phase 3 release,1000 Genomes phase 1 release,Geuvadis"
NA18519	NA18519	AFR	GM18519	male	SAME124888	YRI	Yoruba	African Ancestry	YRI	"1000 Genomes on GRCh38,1000 Genomes 30x on GRCh38,1000 Genomes phase 3 release,1000 Genomes phase 1 release,Geuvadis"
NA18879	NA18879	AFR	GM18879	male	SAME125108	YRI	Yoruba	African Ancestry	YRI	"1000 Genomes on GRCh38,1000 Genomes 30x on GRCh38,1000 Genomes phase 3 release"
HG02236	HG02236	EUR	HG02236	male	SAME123520	IBS	Iberian	European Ancestry	IBS	"1000 Genomes on GRCh38,1000 Genomes 30x on GRCh38,1000 Genomes phase 3 release"
NA18881	NA18881	AFR	GM18881	female	SAME125308	YRI	Yoruba	African Ancestry	YRI	"1000 Genomes on GRCh38,1000 Genomes 30x on GRCh38,1000 Genomes phase 3 release"
NA18913	NA18913	AFR	GM18913	male	SAME123403	YRI	Yoruba	African Ancestry	YRI	"1000 Genomes 30x on GRCh38,1000 Genomes phase 3 release"
HG02224	HG02224	EUR	HG02224	male	SAME1839579	IBS	Iberian	European Ancestry	IBS	"1000 Genomes on GRCh38,1000 Genomes 30x on GRCh38,1000 Genomes phase 3 release"
NA18855	NA18855	AFR	GM18855	female	SAME124735	YRI	Yoruba	African Ancestry	YRI	"1000 Genomes 30x on GRCh38,1000 Genomes phase 3 release"
HG02229	HG02229	EUR	HG02229	female	SAME1839649	IBS	Iberian	European Ancestry	IBS	"1000 Genomes 30x on GRCh38,1000 Genomes phase 3 release"
NA19017	NA19017	AFR	GM19017	female	SAME124259	LWK	Luhya	African Ancestry	LWK	"1000 Genomes on GRCh38,1000 Genomes 30x on GRCh38,1000 Genomes phase 3 release"
NA19031	NA19031	AFR	GM19031	male	SAME123543	LWK	Luhya	African Ancestry	LWK	"1000 Genomes on GRCh38,1000 Genomes 30x on GRCh38,1000 Genomes phase 3 release,1000 Genomes phase 1 release"
NA19036	NA19036	AFR	GM19036	female	SAME124666	LWK	Luhya	African Ancestry	LWK	"1000 Genomes on GRCh38,1000 Genomes 30x on GRCh38,Human Genome Structural Variation Consortium 2,1000 Genomes phase 3 release,1000 Genomes phase 1 release"
NA19043	NA19043	AFR	GM19043	male	SAME125243	LWK	Luhya	African Ancestry	LWK	"1000 Genomes on GRCh38,1000 Genomes 30x on GRCh38,1000 Genomes phase 3 release"
NA19118	NA19118	AFR	GM19118	female	SAME122943	YRI	Yoruba	African Ancestry	YRI	"1000 Genomes on GRCh38,1000 Genomes 30x on GRCh38,1000 Genomes phase 3 release,1000 Genomes phase 1 release,Geuvadis"
NA19132	NA19132	AFR	GM19132	female	SAME125231	YRI	Yoruba	African Ancestry	YRI	"1000 Genomes 30x on GRCh38,1000 Genomes phase 3 release"
NA19202	NA19202	AFR	GM19202	female	SAME122987	YRI	Yoruba	African Ancestry	YRI	"1000 Genomes 30x on GRCh38,1000 Genomes phase 3 release"
HG02666	HG02666	AFR	HG02666	male	SAME1839386	GWD	Gambian Mandinka	African Ancestry	GWD	"1000 Genomes on GRCh38,1000 Genomes 30x on GRCh38,1000 Genomes phase 3 release"
HG02642	HG02642	AFR	HG02642	male	SAME1839792	GWD	Gambian Mandinka	African Ancestry	GWD	"1000 Genomes on GRCh38,1000 Genomes 30x on GRCh38,1000 Genomes phase 3 release"
HG02680	HG02680	AFR	HG02680	female	SAME1839308	GWD	Gambian Mandinka	African Ancestry	GWD	1000 Genomes 30x on GRCh38
NA19308	NA19308	AFR	GM19308	male	SAME124985	LWK	Luhya	African Ancestry	LWK	"1000 Genomes on GRCh38,1000 Genomes 30x on GRCh38,1000 Genomes phase 3 release,1000 Genomes phase 1 release"
NA19315	NA19315	AFR	GM19315	female	SAME123310	LWK	Luhya	African Ancestry	LWK	"1000 Genomes on GRCh38,1000 Genomes 30x on GRCh38,1000 Genomes phase 3 release,1000 Genomes phase 1 release"
NA19327	NA19327	AFR	GM19327	female	SAME123473	LWK	Luhya	African Ancestry	LWK	"1000 Genomes on GRCh38,1000 Genomes 30x on GRCh38,1000 Genomes phase 3 release,1000 Genomes phase 1 release"
HG02589	HG02589	AFR	HG02589	female	SAME1839401	GWD	Gambian Mandinka	African Ancestry	GWD	"1000 Genomes on GRCh38,1000 Genomes 30x on GRCh38,1000 Genomes phase 3 release"
HG02572	HG02572	AFR	HG02572	male	SAME1839570	GWD	Gambian Mandinka	African Ancestry	GWD	1000 Genomes 30x on GRCh38
NA19360	NA19360	AFR	GM19360	male	SAME124915	LWK	Luhya	African Ancestry	LWK	"1000 Genomes on GRCh38,1000 Genomes 30x on GRCh38,1000 Genomes phase 3 release,1000 Genomes phase 1 release"
NA19372	NA19372	AFR	GM19372	male	SAME125100	LWK	Luhya	African Ancestry	LWK	"1000 Genomes on GRCh38,1000 Genomes 30x on GRCh38,1000 Genomes phase 3 release,1000 Genomes phase 1 release"
NA19377	NA19377	AFR	GM19377	female	SAME124470	LWK	Luhya	African Ancestry	LWK	"1000 Genomes on GRCh38,1000 Genomes 30x on GRCh38,1000 Genomes phase 3 release,1000 Genomes phase 1 release"
NA19384	NA19384	AFR	GM19384	male	SAME124272	LWK	Luhya	African Ancestry	LWK	"1000 Genomes on GRCh38,1000 Genomes 30x on GRCh38,1000 Genomes phase 3 release,1000 Genomes phase 1 release"
NA19391	NA19391	AFR	GM19391	female	SAME124494	LWK	Luhya	African Ancestry	LWK	"1000 Genomes on GRCh38,1000 Genomes 30x on GRCh38,1000 Genomes phase 3 release,1000 Genomes phase 1 release"
HG02806	HG02806	AFR	HG02806	female	SAME1840079	GWD	Gambian Mandinka	African Ancestry	GWD	1000 Genomes 30x on GRCh38
HG02813	HG02813	AFR	HG02813	male	SAME1839841	GWD	Gambian Mandinka	African Ancestry	GWD	"1000 Genomes on GRCh38,1000 Genomes 30x on GRCh38,1000 Genomes phase 3 release"
HG02762	HG02762	AFR	HG02762	male	SAME1839258	GWD	Gambian Mandinka	African Ancestry	GWD	"1000 Genomes on GRCh38,1000 Genomes 30x on GRCh38"
HG02938	HG02938	AFR	HG02938	male	SAME1839284	ESN	Esan	African Ancestry	ESN	"1000 Genomes on GRCh38,1000 Genomes 30x on GRCh38,1000 Genomes phase 3 release"
HG02952	HG02952	AFR	HG02952	female	SAME1840275	ESN	Esan	African Ancestry	ESN	"1000 Genomes on GRCh38,1000 Genomes 30x on GRCh38,1000 Genomes phase 3 release"
HG02887	HG02887	AFR	HG02887	male	SAME1840147	GWD	Gambian Mandinka	African Ancestry	GWD	"1000 Genomes on GRCh38,1000 Genomes 30x on GRCh38,1000 Genomes phase 3 release"
NA20521	NA20521	EUR	GM20521	male	SAME124018	TSI	Toscani	European Ancestry	TSI	"1000 Genomes on GRCh38,1000 Genomes 30x on GRCh38,1000 Genomes phase 3 release,1000 Genomes phase 1 release,Geuvadis"
NA20759	NA20759	EUR	GM20759	male	SAME125094	TSI	Toscani	European Ancestry	TSI	"1000 Genomes on GRCh38,1000 Genomes 30x on GRCh38,1000 Genomes phase 3 release,1000 Genomes phase 1 release,Geuvadis"
HG02971	HG02971	AFR	HG02971	male	SAME1840255	ESN	Esan	African Ancestry	ESN	"1000 Genomes on GRCh38,1000 Genomes 30x on GRCh38,1000 Genomes phase 3 release"
NA20766	NA20766	EUR	GM20766	female	SAME124370	TSI	Toscani	European Ancestry	TSI	"1000 Genomes on GRCh38,1000 Genomes 30x on GRCh38,1000 Genomes phase 3 release,1000 Genomes phase 1 release,Geuvadis"
NA20773	NA20773	EUR	GM20773	female	SAME124575	TSI	Toscani	European Ancestry	TSI	"1000 Genomes on GRCh38,1000 Genomes 30x on GRCh38,1000 Genomes phase 3 release,1000 Genomes phase 1 release,Geuvadis"
NA20778	NA20778	EUR	GM20778	male	SAME124571	TSI	Toscani	European Ancestry	TSI	"1000 Genomes on GRCh38,1000 Genomes 30x on GRCh38,1000 Genomes phase 3 release,1000 Genomes phase 1 release,Geuvadis"
HG03056	HG03056	AFR	HG03056	male	SAME1839518	MSL	Mende	African Ancestry	MSL	1000 Genomes 30x on GRCh38
HG03082	HG03082	AFR	HG03082	female	SAME1840316	MSL	Mende	African Ancestry	MSL	"1000 Genomes on GRCh38,1000 Genomes 30x on GRCh38,1000 Genomes phase 3 release"
NA20797	NA20797	EUR	GM20797	female	SAME123820	TSI	Toscani	European Ancestry	TSI	"1000 Genomes on GRCh38,1000 Genomes 30x on GRCh38,1000 Genomes phase 3 release,1000 Genomes phase 1 release,Geuvadis"
NA20800	NA20800	EUR	GM20800	female	SAME125364	TSI	Toscani	European Ancestry	TSI	"1000 Genomes on GRCh38,1000 Genomes 30x on GRCh38,1000 Genomes phase 3 release,1000 Genomes phase 1 release,Geuvadis"
HG03265	HG03265	AFR	HG03265	male	SAME1840167	ESN	Esan	African Ancestry	ESN	"1000 Genomes on GRCh38,1000 Genomes 30x on GRCh38,1000 Genomes phase 3 release"
HG03380	HG03380	AFR	HG03380	female	SAME1839569	MSL	Mende	African Ancestry	MSL	"1000 Genomes on GRCh38,1000 Genomes 30x on GRCh38,1000 Genomes phase 3 release"
HG03311	HG03311	AFR	HG03311	male	SAME1839206	ESN	Esan	African Ancestry	ESN	"1000 Genomes on GRCh38,1000 Genomes 30x on GRCh38,1000 Genomes phase 3 release"
HG03354	HG03354	AFR	HG03354	female	SAME1840249	ESN	Esan	African Ancestry	ESN	"1000 Genomes on GRCh38,1000 Genomes 30x on GRCh38,1000 Genomes phase 3 release"
HG00187	HG00187	EUR	HG00187	male	SAME123646	FIN	Finnish	European Ancestry	FIN	"1000 Genomes on GRCh38,1000 Genomes 30x on GRCh38,1000 Genomes phase 3 release,1000 Genomes phase 1 release,Geuvadis"
HG00238	HG00238	EUR	HG00238	female	SAME124131	GBR	British	European Ancestry	GBR	"1000 Genomes on GRCh38,1000 Genomes 30x on GRCh38,1000 Genomes phase 3 release,1000 Genomes phase 1 release,Geuvadis"
HG00240	HG00240	EUR	HG00240	female	SAME123221	GBR	British	European Ancestry	GBR	"1000 Genomes on GRCh38,1000 Genomes 30x on GRCh38,1000 Genomes phase 3 release,1000 Genomes phase 1 release,Geuvadis"
HG00252	HG00252	EUR	HG00252	male	SAME123052	GBR	British	European Ancestry	GBR	"1000 Genomes on GRCh38,1000 Genomes 30x on GRCh38,1000 Genomes phase 3 release,1000 Genomes phase 1 release,Geuvadis"
HG00257	HG00257	EUR	HG00257	female	SAME123047	GBR	British	European Ancestry	GBR	"1000 Genomes on GRCh38,1000 Genomes 30x on GRCh38,1000 Genomes phase 3 release,1000 Genomes phase 1 release,Geuvadis"
HG00264	HG00264	EUR	HG00264	male	SAME123578	GBR	British	European Ancestry	GBR	"1000 Genomes on GRCh38,1000 Genomes 30x on GRCh38,1000 Genomes phase 3 release,1000 Genomes phase 1 release,Geuvadis"
HG00269	HG00269	EUR	HG00269	female	SAME123575	FIN	Finnish	European Ancestry	FIN	"1000 Genomes on GRCh38,1000 Genomes 30x on GRCh38,1000 Genomes phase 3 release,1000 Genomes phase 1 release,Geuvadis"
HG03563	HG03563	AFR	HG03563	female	SAME1839421	MSL	Mende	African Ancestry	MSL	"1000 Genomes on GRCh38,1000 Genomes 30x on GRCh38,1000 Genomes phase 3 release"
HG03486	HG03486	AFR	HG03486	female	SAME1839474	MSL	Mende	African Ancestry	MSL	"1000 Genomes 30x on GRCh38,Human Genome Structural Variation Consortium 2,1000 Genomes phase 3 release"
HG00149	HG00149	EUR	HG00149	male	SAME124387	GBR	British	European Ancestry	GBR	"1000 Genomes on GRCh38,1000 Genomes 30x on GRCh38,1000 Genomes phase 3 release,1000 Genomes phase 1 release,Geuvadis"
HG00101	HG00101	EUR	HG00101	male	SAME125153	GBR	British	European Ancestry	GBR	"1000 Genomes on GRCh38,1000 Genomes 30x on GRCh38,1000 Genomes phase 3 release,1000 Genomes phase 1 release,Geuvadis"
HG00339	HG00339	EUR	HG00339	female	SAME123991	FIN	Finnish	European Ancestry	FIN	"1000 Genomes on GRCh38,1000 Genomes 30x on GRCh38,1000 Genomes phase 3 release,1000 Genomes phase 1 release,Geuvadis"
HG00341	HG00341	EUR	HG00341	male	SAME124922	FIN	Finnish	European Ancestry	FIN	"1000 Genomes on GRCh38,1000 Genomes 30x on GRCh38,1000 Genomes phase 3 release,1000 Genomes phase 1 release,Geuvadis"
HG00358	HG00358	EUR	HG00358	male	SAME125126	FIN	Finnish	European Ancestry	FIN	"1000 Genomes on GRCh38,1000 Genomes 30x on GRCh38,1000 Genomes phase 3 release,1000 Genomes phase 1 release,Geuvadis"
HG00360	HG00360	EUR	HG00360	male	SAME124539	FIN	"Finnish,Finnish"	"European Ancestry,West Eurasia (SGDP)"	"FIN,FinnishSGDP"	"1000 Genomes on GRCh38,Simons Genome Diversity Project,1000 Genomes 30x on GRCh38,1000 Genomes phase 3 release,1000 Genomes phase 1 release,Geuvadis"
HG00365	HG00365	EUR	HG00365	female	SAME124542	FIN	Finnish	European Ancestry	FIN	"1000 Genomes on GRCh38,1000 Genomes 30x on GRCh38,1000 Genomes phase 3 release,1000 Genomes phase 1 release,Geuvadis"
HG00372	HG00372	EUR	HG00372	male	SAME124748	FIN	Finnish	European Ancestry	FIN	"1000 Genomes on GRCh38,1000 Genomes 30x on GRCh38,1000 Genomes phase 3 release,1000 Genomes phase 1 release,Geuvadis"
HG00143	HG00143	EUR	HG00143	male	SAME124393	GBR	British	European Ancestry	GBR	"1000 Genomes on GRCh38,1000 Genomes 30x on GRCh38,1000 Genomes phase 3 release,1000 Genomes phase 1 release,Geuvadis"
HG00384	HG00384	EUR	HG00384	female	SAME123034	FIN	Finnish	European Ancestry	FIN	"1000 Genomes on GRCh38,1000 Genomes 30x on GRCh38,1000 Genomes phase 3 release,1000 Genomes phase 1 release,Geuvadis"
HG00150	HG00150	EUR	HG00150	female	SAME124591	GBR	British	European Ancestry	GBR	"1000 Genomes on GRCh38,1000 Genomes 30x on GRCh38,1000 Genomes phase 3 release,1000 Genomes phase 1 release,Geuvadis"
HG00155	HG00155	EUR	HG00155	male	SAME124588	GBR	British	European Ancestry	GBR	"1000 Genomes on GRCh38,1000 Genomes 30x on GRCh38,1000 Genomes phase 3 release,1000 Genomes phase 1 release,Geuvadis"
HG00117	HG00117	EUR	HG00117	male	SAME125346	GBR	British	European Ancestry	GBR	"1000 Genomes on GRCh38,1000 Genomes 30x on GRCh38,1000 Genomes phase 3 release,1000 Genomes phase 1 release,Geuvadis"
HG00129	HG00129	EUR	HG00129	male	SAME122867	GBR	British	European Ancestry	GBR	"1000 Genomes on GRCh38,1000 Genomes 30x on GRCh38,1000 Genomes phase 3 release,1000 Genomes phase 1 release,Geuvadis"
HG00131	HG00131	EUR	HG00131	male	SAME123064	GBR	British	European Ancestry	GBR	"1000 Genomes on GRCh38,1000 Genomes 30x on GRCh38,1000 Genomes phase 3 release,1000 Genomes phase 1 release,Geuvadis"
HG00105	HG00105	EUR	HG00105	male	SAME123949	GBR	British	European Ancestry	GBR	"1000 Genomes on GRCh38,1000 Genomes 30x on GRCh38,1000 Genomes phase 3 release,1000 Genomes phase 1 release,Geuvadis"
HG00288	HG00288	EUR	HG00288	female	SAME1839246	FIN	Finnish	European Ancestry	FIN	"1000 Genomes on GRCh38,1000 Genomes 30x on GRCh38,1000 Genomes phase 3 release"
HG00290	HG00290	EUR	HG00290	male	SAME1839057	FIN	Finnish	European Ancestry	FIN	"1000 Genomes on GRCh38,1000 Genomes 30x on GRCh38,1000 Genomes phase 3 release"
HG00308	HG00308	EUR	HG00308	male	SAME124161	FIN	Finnish	European Ancestry	FIN	"1000 Genomes on GRCh38,1000 Genomes 30x on GRCh38,1000 Genomes phase 3 release,Geuvadis"
HG00310	HG00310	EUR	HG00310	male	SAME124338	FIN	Finnish	European Ancestry	FIN	"1000 Genomes on GRCh38,1000 Genomes 30x on GRCh38,1000 Genomes phase 3 release,1000 Genomes phase 1 release,Geuvadis"
HG00315	HG00315	EUR	HG00315	female	SAME124335	FIN	Finnish	European Ancestry	FIN	"1000 Genomes on GRCh38,1000 Genomes 30x on GRCh38,1000 Genomes phase 3 release,1000 Genomes phase 1 release,Geuvadis"
HG00327	HG00327	EUR	HG00327	female	SAME123791	FIN	Finnish	European Ancestry	FIN	"1000 Genomes on GRCh38,1000 Genomes 30x on GRCh38,1000 Genomes phase 3 release,1000 Genomes phase 1 release,Geuvadis"
HG00251	HG00251	EUR	HG00251	male	SAME123053	GBR	British	European Ancestry	GBR	"1000 Genomes on GRCh38,1000 Genomes 30x on GRCh38,1000 Genomes phase 3 release,1000 Genomes phase 1 release,Geuvadis"
HG00256	HG00256	EUR	HG00256	male	SAME123048	GBR	British	European Ancestry	GBR	"1000 Genomes on GRCh38,1000 Genomes 30x on GRCh38,1000 Genomes phase 3 release,1000 Genomes phase 1 release,Geuvadis"
HG00263	HG00263	EUR	HG00263	female	SAME123581	GBR	British	European Ancestry	GBR	"1000 Genomes on GRCh38,1000 Genomes 30x on GRCh38,1000 Genomes phase 3 release,1000 Genomes phase 1 release,Geuvadis"
HG00268	HG00268	EUR	HG00268	female	SAME123574	FIN	Finnish	European Ancestry	FIN	"1000 Genomes on GRCh38,1000 Genomes 30x on GRCh38,Human Genome Structural Variation Consortium 2,1000 Genomes phase 3 release,1000 Genomes phase 1 release,Geuvadis"
HG00369	HG00369	EUR	HG00369	male	SAME124534	FIN	Finnish	European Ancestry	FIN	"1000 Genomes on GRCh38,1000 Genomes 30x on GRCh38,1000 Genomes phase 3 release,1000 Genomes phase 1 release,Geuvadis"
HG00376	HG00376	EUR	HG00376	female	SAME124751	FIN	Finnish	European Ancestry	FIN	"1000 Genomes on GRCh38,1000 Genomes 30x on GRCh38,1000 Genomes phase 3 release,1000 Genomes phase 1 release,Geuvadis"
HG00383	HG00383	EUR	HG00383	female	SAME123032	FIN	Finnish	European Ancestry	FIN	"1000 Genomes on GRCh38,1000 Genomes 30x on GRCh38,1000 Genomes phase 3 release,1000 Genomes phase 1 release,Geuvadis"
HG00179	HG00179	EUR	HG00179	female	SAME124965	FIN	Finnish	European Ancestry	FIN	"1000 Genomes on GRCh38,1000 Genomes 30x on GRCh38,1000 Genomes phase 3 release,1000 Genomes phase 1 release,Geuvadis"
HG00181	HG00181	EUR	HG00181	male	SAME123644	FIN	Finnish	European Ancestry	FIN	"1000 Genomes on GRCh38,1000 Genomes 30x on GRCh38,1000 Genomes phase 3 release,1000 Genomes phase 1 release,Geuvadis"
HG00232	HG00232	EUR	HG00232	female	SAME124128	GBR	British	European Ancestry	GBR	"1000 Genomes on GRCh38,1000 Genomes 30x on GRCh38,1000 Genomes phase 3 release,1000 Genomes phase 1 release,Geuvadis"
HG00282	HG00282	EUR	HG00282	female	SAME122833	FIN	Finnish	European Ancestry	FIN	"1000 Genomes on GRCh38,1000 Genomes 30x on GRCh38,1000 Genomes phase 3 release,1000 Genomes phase 1 release,Geuvadis"
HG00319	HG00319	EUR	HG00319	female	SAME124334	FIN	Finnish	European Ancestry	FIN	"1000 Genomes on GRCh38,1000 Genomes 30x on GRCh38,1000 Genomes phase 3 release,1000 Genomes phase 1 release,Geuvadis"
HG00321	HG00321	EUR	HG00321	male	SAME123796	FIN	Finnish	European Ancestry	FIN	"1000 Genomes on GRCh38,1000 Genomes 30x on GRCh38,1000 Genomes phase 3 release,1000 Genomes phase 1 release,Geuvadis"
HG00338	HG00338	EUR	HG00338	male	SAME123990	FIN	Finnish	European Ancestry	FIN	"1000 Genomes on GRCh38,1000 Genomes 30x on GRCh38,1000 Genomes phase 3 release,1000 Genomes phase 1 release,Geuvadis"
HG00357	HG00357	EUR	HG00357	female	SAME125124	FIN	Finnish	European Ancestry	FIN	"1000 Genomes on GRCh38,1000 Genomes 30x on GRCh38,1000 Genomes phase 3 release,1000 Genomes phase 1 release"
HG00364	HG00364	EUR	HG00364	female	SAME124543	FIN	Finnish	European Ancestry	FIN	"1000 Genomes on GRCh38,1000 Genomes 30x on GRCh38,1000 Genomes phase 3 release,1000 Genomes phase 1 release,Geuvadis"
NA18498	NA18498	AFR	GM18498	male	SAME124058	YRI	Yoruba	African Ancestry	YRI	"1000 Genomes on GRCh38,1000 Genomes 30x on GRCh38,1000 Genomes phase 3 release,1000 Genomes phase 1 release,Geuvadis"
NA18506	NA18506	AFR	GM18506	male	SAME125059	YRI	Yoruba	African Ancestry	YRI	"1000 Genomes 30x on GRCh38,1000 Genomes phase 3 release"
HG01611	HG01611	EUR	HG01611	male	SAME123624	IBS	Iberian	European Ancestry	IBS	"1000 Genomes 30x on GRCh38,1000 Genomes phase 3 release"
HG01616	HG01616	EUR	HG01616	female	SAME123629	IBS	Iberian	European Ancestry	IBS	"1000 Genomes 30x on GRCh38,1000 Genomes phase 3 release"
HG01697	HG01697	EUR	HG01697	female	SAME1839223	IBS	Iberian	European Ancestry	IBS	"1000 Genomes on GRCh38,1000 Genomes 30x on GRCh38,1000 Genomes phase 3 release"
HG01700	HG01700	EUR	HG01700	male	SAME123261	IBS	Iberian	European Ancestry	IBS	"1000 Genomes on GRCh38,1000 Genomes 30x on GRCh38,1000 Genomes phase 3 release"
HG01678	HG01678	EUR	HG01678	male	SAME123292	IBS	Iberian	European Ancestry	IBS	"1000 Genomes on GRCh38,1000 Genomes 30x on GRCh38,1000 Genomes phase 3 release"
NA19023	NA19023	AFR	GM19023	female	SAME124854	LWK	"Luhya,Luhya"	"African Ancestry,Africa (SGDP)"	"LWK,LuhyaSGDP"	"1000 Genomes on GRCh38,Simons Genome Diversity Project,1000 Genomes 30x on GRCh38,1000 Genomes phase 3 release"
NA19028	NA19028	AFR	GM19028	male	SAME124848	LWK	Luhya	African Ancestry	LWK	"1000 Genomes on GRCh38,1000 Genomes 30x on GRCh38,1000 Genomes phase 3 release,1000 Genomes phase 1 release"
NA19097	NA19097	AFR	GM19097	female	SAME123168	YRI	Yoruba	African Ancestry	YRI	"1000 Genomes 30x on GRCh38,1000 Genomes phase 3 release"
NA19042	NA19042	AFR	GM19042	female	SAME125242	LWK	Luhya	African Ancestry	LWK	"1000 Genomes on GRCh38,1000 Genomes 30x on GRCh38,1000 Genomes phase 3 release"
HG01774	HG01774	EUR	HG01774	male	SAME124634	IBS	Iberian	European Ancestry	IBS	"1000 Genomes 30x on GRCh38,1000 Genomes phase 3 release"
HG01781	HG01781	EUR	HG01781	male	SAME124921	IBS	Iberian	European Ancestry	IBS	"1000 Genomes on GRCh38,1000 Genomes 30x on GRCh38,1000 Genomes phase 3 release"
HG01519	HG01519	EUR	HG01519	female	SAME124765	IBS	Iberian	European Ancestry	IBS	"1000 Genomes on GRCh38,1000 Genomes 30x on GRCh38,1000 Genomes phase 3 release,1000 Genomes phase 1 release"
HG01526	HG01526	EUR	HG01526	male	SAME125325	IBS	Iberian	European Ancestry	IBS	"1000 Genomes 30x on GRCh38,1000 Genomes phase 3 release"
NA18859	NA18859	AFR	GM18859	male	SAME124731	YRI	Yoruba	African Ancestry	YRI	"1000 Genomes 30x on GRCh38,1000 Genomes phase 3 release"
NA18917	NA18917	AFR	GM18917	male	SAME123407	YRI	Yoruba	African Ancestry	YRI	"1000 Genomes on GRCh38,1000 Genomes 30x on GRCh38,1000 Genomes phase 3 release,1000 Genomes phase 1 release,Geuvadis"
HG01608	HG01608	EUR	HG01608	male	SAME123462	IBS	Iberian	European Ancestry	IBS	"1000 Genomes on GRCh38,1000 Genomes 30x on GRCh38,1000 Genomes phase 3 release"
NA18854	NA18854	AFR	GM18854	male	SAME124734	YRI	Yoruba	African Ancestry	YRI	"1000 Genomes 30x on GRCh38,1000 Genomes phase 3 release"
NA19395	NA19395	AFR	GM19395	female	SAME124490	LWK	Luhya	African Ancestry	LWK	"1000 Genomes on GRCh38,1000 Genomes 30x on GRCh38,1000 Genomes phase 3 release,1000 Genomes phase 1 release"
HG01622	HG01622	EUR	HG01622	female	SAME123846	IBS	Iberian	European Ancestry	IBS	"1000 Genomes 30x on GRCh38,1000 Genomes phase 3 release"
NA19307	NA19307	AFR	GM19307	male	SAME124981	LWK	Luhya	African Ancestry	LWK	"1000 Genomes on GRCh38,1000 Genomes 30x on GRCh38,1000 Genomes phase 3 release,1000 Genomes phase 1 release"
NA19319	NA19319	AFR	GM19319	male	SAME123438	LWK	Luhya	African Ancestry	LWK	"1000 Genomes on GRCh38,1000 Genomes 30x on GRCh38,1000 Genomes phase 3 release,1000 Genomes phase 1 release"
NA19321	NA19321	AFR	GM19321	female	SAME124569	LWK	Luhya	African Ancestry	LWK	"1000 Genomes on GRCh38,1000 Genomes 30x on GRCh38,1000 Genomes phase 3 release,1000 Genomes phase 1 release"
HG01761	HG01761	EUR	HG01761	male	SAME124810	IBS	Iberian	European Ancestry	IBS	"1000 Genomes on GRCh38,1000 Genomes 30x on GRCh38,1000 Genomes phase 3 release"
HG01785	HG01785	EUR	HG01785	male	SAME1839313	IBS	Iberian	European Ancestry	IBS	"1000 Genomes on GRCh38,1000 Genomes 30x on GRCh38,1000 Genomes phase 3 release"
NA19225	NA19225	AFR	GM19225	female	SAME125218	YRI	Yoruba	African Ancestry	YRI	"1000 Genomes on GRCh38,1000 Genomes 30x on GRCh38,1000 Genomes phase 3 release,1000 Genomes phase 1 release,Geuvadis"
NA19383	NA19383	AFR	GM19383	male	SAME124273	LWK	Luhya	African Ancestry	LWK	"1000 Genomes on GRCh38,1000 Genomes 30x on GRCh38,1000 Genomes phase 3 release,1000 Genomes phase 1 release"
NA19150	NA19150	AFR	GM19150	male	SAME124838	YRI	Yoruba	African Ancestry	YRI	"1000 Genomes on GRCh38,1000 Genomes 30x on GRCh38,1000 Genomes phase 3 release,1000 Genomes phase 1 release,Geuvadis"
HG02582	HG02582	AFR	HG02582	male	SAME1839431	GWD	Gambian Mandinka	African Ancestry	GWD	"1000 Genomes on GRCh38,1000 Genomes 30x on GRCh38,1000 Genomes phase 3 release"
HG02587	HG02587	AFR	HG02587	female	SAME1839409	GWD	Gambian Mandinka	African Ancestry	GWD	"1000 Genomes 30x on GRCh38,Human Genome Structural Variation Consortium 2"
HG02563	HG02563	AFR	HG02563	male	SAME1839824	GWD	Gambian Mandinka	African Ancestry	GWD	1000 Genomes 30x on GRCh38
HG02240	HG02240	EUR	HG02240	female	SAME1839481	IBS	Iberian	European Ancestry	IBS	"1000 Genomes 30x on GRCh38,1000 Genomes phase 3 release"
HG02568	HG02568	AFR	HG02568	female	SAME1839899	GWD	Gambian Mandinka	African Ancestry	GWD	"1000 Genomes on GRCh38,1000 Genomes 30x on GRCh38,1000 Genomes phase 3 release"
HG02219	HG02219	EUR	HG02219	male	SAME1839813	IBS	Iberian	European Ancestry	IBS	"1000 Genomes on GRCh38,1000 Genomes 30x on GRCh38,1000 Genomes phase 3 release"
HG02221	HG02221	EUR	HG02221	male	SAME123716	IBS	Iberian	European Ancestry	IBS	"1000 Genomes on GRCh38,1000 Genomes 30x on GRCh38,1000 Genomes phase 3 release"
NA20532	NA20532	EUR	GM20532	male	SAME124171	TSI	Toscani	European Ancestry	TSI	"1000 Genomes on GRCh38,1000 Genomes 30x on GRCh38,1000 Genomes phase 3 release,1000 Genomes phase 1 release,Geuvadis"
NA20796	NA20796	EUR	GM20796	male	SAME123819	TSI	Toscani	European Ancestry	TSI	"1000 Genomes on GRCh38,1000 Genomes 30x on GRCh38,1000 Genomes phase 3 release,1000 Genomes phase 1 release,Geuvadis"
NA20804	NA20804	EUR	GM20804	female	SAME125224	TSI	Toscani	European Ancestry	TSI	"1000 Genomes on GRCh38,1000 Genomes 30x on GRCh38,1000 Genomes phase 3 release,1000 Genomes phase 1 release,Geuvadis"
NA20809	NA20809	EUR	GM20809	male	SAME125359	TSI	Toscani	European Ancestry	TSI	"1000 Genomes on GRCh38,1000 Genomes 30x on GRCh38,1000 Genomes phase 3 release,1000 Genomes phase 1 release,Geuvadis"
NA20811	NA20811	EUR	GM20811	male	SAME123069	TSI	Toscani	European Ancestry	TSI	"1000 Genomes on GRCh38,1000 Genomes 30x on GRCh38,1000 Genomes phase 3 release,1000 Genomes phase 1 release,Geuvadis"
NA20828	NA20828	EUR	GM20828	female	SAME123076	TSI	Toscani	European Ancestry	TSI	"1000 Genomes on GRCh38,1000 Genomes 30x on GRCh38,1000 Genomes phase 3 release,1000 Genomes phase 1 release,Geuvadis"
HG02466	HG02466	AFR	HG02466	male	SAME1839970	GWD	Gambian Mandinka	African Ancestry	GWD	1000 Genomes 30x on GRCh38
NA20758	NA20758	EUR	GM20758	male	SAME125117	TSI	Toscani	European Ancestry	TSI	"1000 Genomes on GRCh38,1000 Genomes 30x on GRCh38,1000 Genomes phase 3 release,1000 Genomes phase 1 release,Geuvadis"
NA20760	NA20760	EUR	GM20760	female	SAME124364	TSI	Toscani	European Ancestry	TSI	"1000 Genomes on GRCh38,1000 Genomes 30x on GRCh38,1000 Genomes phase 3 release,1000 Genomes phase 1 release,Geuvadis"
NA20772	NA20772	EUR	GM20772	female	SAME124574	TSI	Toscani	European Ancestry	TSI	"1000 Genomes on GRCh38,1000 Genomes 30x on GRCh38,1000 Genomes phase 3 release,1000 Genomes phase 1 release,Geuvadis"
HG02854	HG02854	AFR	HG02854	male	SAME1839336	GWD	Gambian Mandinka	African Ancestry	GWD	"1000 Genomes on GRCh38,1000 Genomes 30x on GRCh38,1000 Genomes phase 3 release"
HG02861	HG02861	AFR	HG02861	female	SAME1839125	GWD	Gambian Mandinka	African Ancestry	GWD	"1000 Genomes on GRCh38,1000 Genomes 30x on GRCh38,1000 Genomes phase 3 release"
HG02809	HG02809	AFR	HG02809	female	SAME1840067	GWD	Gambian Mandinka	African Ancestry	GWD	1000 Genomes 30x on GRCh38
HG02811	HG02811	AFR	HG02811	female	SAME1839849	GWD	Gambian Mandinka	African Ancestry	GWD	"1000 Genomes on GRCh38,1000 Genomes 30x on GRCh38,1000 Genomes phase 3 release"
HG03061	HG03061	AFR	HG03061	female	SAME1839215	MSL	Mende	African Ancestry	MSL	"1000 Genomes on GRCh38,1000 Genomes 30x on GRCh38,1000 Genomes phase 3 release"
HG03066	HG03066	AFR	HG03066	male	SAME1839324	MSL	Mende	African Ancestry	MSL	"1000 Genomes on GRCh38,1000 Genomes 30x on GRCh38,1000 Genomes phase 3 release"
HG02721	HG02721	AFR	HG02721	male	SAME1839749	GWD	Gambian Mandinka	African Ancestry	GWD	"1000 Genomes on GRCh38,1000 Genomes 30x on GRCh38,1000 Genomes phase 3 release"
HG03078	HG03078	AFR	HG03078	male	SAME1839047	MSL	"Mende,Mende"	"African Ancestry,Africa (SGDP)"	"MSL,MendeSGDP"	"1000 Genomes on GRCh38,Simons Genome Diversity Project,1000 Genomes 30x on GRCh38,1000 Genomes phase 3 release"
HG03100	HG03100	AFR	HG03100	male	SAME1840003	ESN	"Esan,Esan"	"African Ancestry,Africa (SGDP)"	"ESN,EsanSGDP"	"1000 Genomes on GRCh38,Simons Genome Diversity Project,1000 Genomes 30x on GRCh38,1000 Genomes phase 3 release"
HG03105	HG03105	AFR	HG03105	female	SAME1840041	ESN	Esan	African Ancestry	ESN	"1000 Genomes on GRCh38,1000 Genomes 30x on GRCh38,1000 Genomes phase 3 release"
HG02613	HG02613	AFR	HG02613	male	SAME1840390	GWD	Gambian Mandinka	African Ancestry	GWD	"1000 Genomes on GRCh38,1000 Genomes 30x on GRCh38,1000 Genomes phase 3 release"
HG03270	HG03270	AFR	HG03270	female	SAME1840194	ESN	Esan	African Ancestry	ESN	"1000 Genomes on GRCh38,1000 Genomes 30x on GRCh38,1000 Genomes phase 3 release"
HG03294	HG03294	AFR	HG03294	female	SAME1839877	ESN	Esan	African Ancestry	ESN	"1000 Genomes on GRCh38,1000 Genomes 30x on GRCh38,1000 Genomes phase 3 release"
HG02625	HG02625	AFR	HG02625	male	SAME1840257	GWD	Gambian Mandinka	African Ancestry	GWD	1000 Genomes 30x on GRCh38
HG03117	HG03117	AFR	HG03117	female	SAME1839821	ESN	Esan	African Ancestry	ESN	"1000 Genomes on GRCh38,1000 Genomes 30x on GRCh38,1000 Genomes phase 3 release"
HG02884	HG02884	AFR	HG02884	male	SAME1840161	GWD	Gambian Mandinka	African Ancestry	GWD	"1000 Genomes on GRCh38,1000 Genomes 30x on GRCh38,1000 Genomes phase 3 release"
HG03371	HG03371	AFR	HG03371	male	SAME1839712	ESN	Esan	African Ancestry	ESN	"1000 Genomes 30x on GRCh38,Human Genome Structural Variation Consortium 2"
HG02947	HG02947	AFR	HG02947	male	SAME1839061	ESN	Esan	African Ancestry	ESN	"1000 Genomes on GRCh38,1000 Genomes 30x on GRCh38,1000 Genomes phase 3 release"
HG03376	HG03376	AFR	HG03376	male	SAME1839736	MSL	Mende	African Ancestry	MSL	"1000 Genomes on GRCh38,1000 Genomes 30x on GRCh38,1000 Genomes phase 3 release"
HG03472	HG03472	AFR	HG03472	male	SAME1839678	MSL	Mende	African Ancestry	MSL	"1000 Genomes on GRCh38,1000 Genomes 30x on GRCh38,1000 Genomes phase 3 release"
HG02771	HG02771	AFR	HG02771	male	SAME1839045	GWD	Gambian Mandinka	African Ancestry	GWD	"1000 Genomes on GRCh38,1000 Genomes 30x on GRCh38,1000 Genomes phase 3 release"
HG02841	HG02841	AFR	HG02841	female	SAME1839470	GWD	Gambian Mandinka	African Ancestry	GWD	1000 Genomes 30x on GRCh38
HG02973	HG02973	AFR	HG02973	male	SAME1840246	ESN	Esan	African Ancestry	ESN	"1000 Genomes on GRCh38,1000 Genomes 30x on GRCh38,1000 Genomes phase 3 release"
HG03410	HG03410	AFR	HG03410	female	SAME1839182	MSL	Mende	African Ancestry	MSL	"1000 Genomes on GRCh38,1000 Genomes 30x on GRCh38,1000 Genomes phase 3 release"
HG03439	HG03439	AFR	HG03439	male	SAME1840213	MSL	Mende	African Ancestry	MSL	"1000 Genomes on GRCh38,1000 Genomes 30x on GRCh38,1000 Genomes phase 3 release"
HG03446	HG03446	AFR	HG03446	female	SAME1839911	MSL	Mende	African Ancestry	MSL	"1000 Genomes on GRCh38,1000 Genomes 30x on GRCh38,1000 Genomes phase 3 release"
HG03034	HG03034	AFR	HG03034	female	SAME1839568	GWD	Gambian Mandinka	African Ancestry	GWD	"1000 Genomes on GRCh38,1000 Genomes 30x on GRCh38"
HG03559	HG03559	AFR	HG03559	male	SAME1839654	MSL	Mende	African Ancestry	MSL	"1000 Genomes on GRCh38,1000 Genomes 30x on GRCh38,1000 Genomes phase 3 release"
HG03458	HG03458	AFR	HG03458	female	SAME1839786	MSL	Mende	African Ancestry	MSL	"1000 Genomes on GRCh38,1000 Genomes 30x on GRCh38,1000 Genomes phase 3 release"
HG03212	HG03212	AFR	HG03212	female	SAME1839399	MSL	Mende	African Ancestry	MSL	"1000 Genomes on GRCh38,1000 Genomes 30x on GRCh38,1000 Genomes phase 3 release"
HG03302	HG03302	AFR	HG03302	male	SAME1839479	ESN	Esan	African Ancestry	ESN	1000 Genomes 30x on GRCh38
HG03065	HG03065	AFR	HG03065	male	SAME1839318	MSL	Mende	African Ancestry	MSL	"1000 Genomes 30x on GRCh38,Human Genome Structural Variation Consortium 2"
HG03072	HG03072	AFR	HG03072	male	SAME1839016	MSL	Mende	African Ancestry	MSL	"1000 Genomes on GRCh38,1000 Genomes 30x on GRCh38,1000 Genomes phase 3 release"
HG03111	HG03111	AFR	HG03111	female	SAME1839884	ESN	Esan	African Ancestry	ESN	"1000 Genomes on GRCh38,1000 Genomes 30x on GRCh38,1000 Genomes phase 3 release"
HG03116	HG03116	AFR	HG03116	female	SAME1839816	ESN	Esan	African Ancestry	ESN	1000 Genomes 30x on GRCh38
HG03159	HG03159	AFR	HG03159	female	SAME1839092	ESN	Esan	African Ancestry	ESN	"1000 Genomes on GRCh38,1000 Genomes 30x on GRCh38,1000 Genomes phase 3 release"
HG03091	HG03091	AFR	HG03091	female	SAME1840360	MSL	Mende	African Ancestry	MSL	"1000 Genomes on GRCh38,1000 Genomes 30x on GRCh38,1000 Genomes phase 3 release"
HG03128	HG03128	AFR	HG03128	male	SAME1839692	ESN	Esan	African Ancestry	ESN	1000 Genomes 30x on GRCh38
HG03433	HG03433	AFR	HG03433	male	SAME1840110	MSL	Mende	African Ancestry	MSL	"1000 Genomes on GRCh38,1000 Genomes 30x on GRCh38,1000 Genomes phase 3 release"
HG03445	HG03445	AFR	HG03445	male	SAME1839996	MSL	Mende	African Ancestry	MSL	"1000 Genomes on GRCh38,1000 Genomes 30x on GRCh38,1000 Genomes phase 3 release"
HG03419	HG03419	AFR	HG03419	female	SAME1839130	MSL	Mende	African Ancestry	MSL	"1000 Genomes on GRCh38,1000 Genomes 30x on GRCh38,1000 Genomes phase 3 release"
HG03368	HG03368	AFR	HG03368	male	SAME1840074	ESN	Esan	African Ancestry	ESN	1000 Genomes 30x on GRCh38
HG03469	HG03469	AFR	HG03469	male	SAME1839850	MSL	Mende	African Ancestry	MSL	"1000 Genomes on GRCh38,1000 Genomes 30x on GRCh38,1000 Genomes phase 3 release"
HG03351	HG03351	AFR	HG03351	female	SAME1840231	ESN	Esan	African Ancestry	ESN	"1000 Genomes on GRCh38,1000 Genomes 30x on GRCh38,1000 Genomes phase 3 release"
HG03363	HG03363	AFR	HG03363	female	SAME1839957	ESN	Esan	African Ancestry	ESN	"1000 Genomes on GRCh38,1000 Genomes 30x on GRCh38,1000 Genomes phase 3 release"
HG03248	HG03248	AFR	HG03248	male	SAME1839180	GWD	Gambian Mandinka	African Ancestry	GWD	1000 Genomes 30x on GRCh38
HG03515	HG03515	AFR	HG03515	male	SAME1840154	ESN	Esan	African Ancestry	ESN	"1000 Genomes on GRCh38,1000 Genomes 30x on GRCh38,1000 Genomes phase 3 release"
HG03565	HG03565	AFR	HG03565	male	SAME1839430	MSL	Mende	African Ancestry	MSL	"1000 Genomes on GRCh38,1000 Genomes 30x on GRCh38,1000 Genomes phase 3 release"
HG03572	HG03572	AFR	HG03572	female	SAME1839463	MSL	Mende	African Ancestry	MSL	"1000 Genomes on GRCh38,1000 Genomes 30x on GRCh38,1000 Genomes phase 3 release"
HG03577	HG03577	AFR	HG03577	male	SAME1839242	MSL	Mende	African Ancestry	MSL	"1000 Genomes on GRCh38,1000 Genomes 30x on GRCh38,1000 Genomes phase 3 release"
HG03584	HG03584	AFR	HG03584	female	SAME1839290	MSL	Mende	African Ancestry	MSL	"1000 Genomes 30x on GRCh38,1000 Genomes phase 3 release"
NA18484	NA18484	AFR	GM18484	female	SAME124101	YRI	Yoruba	African Ancestry	YRI	"1000 Genomes 30x on GRCh38,1000 Genomes phase 3 release"
NA18915	NA18915	AFR	GM18915	male	SAME123405	YRI	Yoruba	African Ancestry	YRI	"1000 Genomes on GRCh38,1000 Genomes 30x on GRCh38,1000 Genomes phase 3 release"
NA18934	NA18934	AFR	GM18934	male	SAME123036	YRI	Yoruba	African Ancestry	YRI	"1000 Genomes on GRCh38,1000 Genomes 30x on GRCh38,1000 Genomes phase 3 release,1000 Genomes phase 1 release,Geuvadis"
NA18511	NA18511	AFR	GM18511	female	SAME124885	YRI	Yoruba	African Ancestry	YRI	"1000 Genomes on GRCh38,1000 Genomes 30x on GRCh38,1000 Genomes phase 3 release,1000 Genomes phase 1 release,Geuvadis"
NA18516	NA18516	AFR	GM18516	male	SAME124884	YRI	Yoruba	African Ancestry	YRI	"1000 Genomes on GRCh38,1000 Genomes 30x on GRCh38,1000 Genomes phase 3 release,1000 Genomes phase 1 release"
NA18864	NA18864	AFR	GM18864	female	SAME124903	YRI	Yoruba	African Ancestry	YRI	"1000 Genomes on GRCh38,1000 Genomes 30x on GRCh38,1000 Genomes phase 3 release"
NA18869	NA18869	AFR	GM18869	male	SAME124909	YRI	Yoruba	African Ancestry	YRI	"1000 Genomes 30x on GRCh38,1000 Genomes phase 3 release"
NA18876	NA18876	AFR	GM18876	female	SAME125103	YRI	Yoruba	African Ancestry	YRI	"1000 Genomes on GRCh38,1000 Genomes 30x on GRCh38,1000 Genomes phase 3 release"
NA19139	NA19139	AFR	GM19139	male	SAME125237	YRI	Yoruba	African Ancestry	YRI	"1000 Genomes 30x on GRCh38,1000 Genomes phase 3 release"
NA19146	NA19146	AFR	GM19146	male	SAME125080	YRI	Yoruba	African Ancestry	YRI	"1000 Genomes on GRCh38,1000 Genomes 30x on GRCh38,1000 Genomes phase 3 release,1000 Genomes phase 1 release,Geuvadis"
NA19189	NA19189	AFR	GM19189	male	SAME123869	YRI	Yoruba	African Ancestry	YRI	"1000 Genomes on GRCh38,1000 Genomes 30x on GRCh38,1000 Genomes phase 3 release,1000 Genomes phase 1 release,Geuvadis"
NA19223	NA19223	AFR	GM19223	male	SAME125223	YRI	Yoruba	African Ancestry	YRI	"1000 Genomes on GRCh38,1000 Genomes 30x on GRCh38,1000 Genomes phase 3 release,1000 Genomes phase 1 release,Geuvadis"
NA19235	NA19235	AFR	GM19235	female	SAME125002	YRI	Yoruba	African Ancestry	YRI	"1000 Genomes on GRCh38,1000 Genomes 30x on GRCh38,1000 Genomes phase 3 release,1000 Genomes phase 1 release,Geuvadis"
NA19115	NA19115	AFR	GM19115	female	SAME123857	YRI	Yoruba	African Ancestry	YRI	"1000 Genomes 30x on GRCh38,1000 Genomes phase 3 release"
NA18503	NA18503	AFR	GM18503	male	SAME125056	YRI	Yoruba	African Ancestry	YRI	"1000 Genomes 30x on GRCh38,1000 Genomes phase 3 release"
NA18510	NA18510	AFR	GM18510	male	SAME124886	YRI	Yoruba	African Ancestry	YRI	"1000 Genomes on GRCh38,1000 Genomes 30x on GRCh38,1000 Genomes phase 3 release,1000 Genomes phase 1 release,Geuvadis"
NA19038	NA19038	AFR	GM19038	female	SAME124668	LWK	Luhya	African Ancestry	LWK	"1000 Genomes on GRCh38,1000 Genomes 30x on GRCh38,1000 Genomes phase 3 release,1000 Genomes phase 1 release"
NA19026	NA19026	AFR	GM19026	male	SAME124849	LWK	Luhya	African Ancestry	LWK	"1000 Genomes on GRCh38,1000 Genomes 30x on GRCh38,1000 Genomes phase 3 release"
NA19437	NA19437	AFR	GM19437	female	SAME123851	LWK	Luhya	African Ancestry	LWK	"1000 Genomes on GRCh38,1000 Genomes 30x on GRCh38,1000 Genomes phase 3 release,1000 Genomes phase 1 release"
NA19451	NA19451	AFR	GM19451	male	SAME125415	LWK	Luhya	African Ancestry	LWK	"1000 Genomes on GRCh38,1000 Genomes 30x on GRCh38,1000 Genomes phase 3 release,1000 Genomes phase 1 release"
NA19475	NA19475	AFR	GM19475	female	SAME123121	LWK	Luhya	African Ancestry	LWK	"1000 Genomes on GRCh38,1000 Genomes 30x on GRCh38,1000 Genomes phase 3 release"
NA19094	NA19094	AFR	GM19094	female	SAME123171	YRI	Yoruba	African Ancestry	YRI	"1000 Genomes 30x on GRCh38,1000 Genomes phase 3 release"
NA19102	NA19102	AFR	GM19102	female	SAME125112	YRI	Yoruba	African Ancestry	YRI	"1000 Genomes on GRCh38,1000 Genomes 30x on GRCh38,1000 Genomes phase 3 release,1000 Genomes phase 1 release,Geuvadis"
NA19140	NA19140	AFR	GM19140	female	SAME124608	YRI	Yoruba	African Ancestry	YRI	"1000 Genomes 30x on GRCh38,1000 Genomes phase 3 release"
NA19145	NA19145	AFR	GM19145	male	SAME123372	YRI	Yoruba	African Ancestry	YRI	"1000 Genomes 30x on GRCh38,1000 Genomes phase 3 release"
NA19350	NA19350	AFR	GM19350	male	SAME122853	LWK	Luhya	African Ancestry	LWK	"1000 Genomes on GRCh38,1000 Genomes 30x on GRCh38,1000 Genomes phase 3 release,1000 Genomes phase 1 release"
NA19355	NA19355	AFR	GM19355	female	SAME124077	LWK	Luhya	African Ancestry	LWK	"1000 Genomes on GRCh38,1000 Genomes 30x on GRCh38,1000 Genomes phase 3 release,1000 Genomes phase 1 release"
NA19393	NA19393	AFR	GM19393	male	SAME124496	LWK	Luhya	African Ancestry	LWK	"1000 Genomes on GRCh38,1000 Genomes 30x on GRCh38,1000 Genomes phase 3 release,1000 Genomes phase 1 release"
NA18875	NA18875	AFR	GM18875	female	SAME123545	YRI	Yoruba	African Ancestry	YRI	"1000 Genomes 30x on GRCh38,1000 Genomes phase 3 release"
NA19317	NA19317	AFR	GM19317	male	SAME123312	LWK	Luhya	African Ancestry	LWK	"1000 Genomes on GRCh38,1000 Genomes 30x on GRCh38,1000 Genomes phase 3 release,1000 Genomes phase 1 release"
NA19429	NA19429	AFR	GM19429	male	SAME124037	LWK	Luhya	African Ancestry	LWK	"1000 Genomes on GRCh38,1000 Genomes 30x on GRCh38,1000 Genomes phase 3 release,1000 Genomes phase 1 release"
NA20511	NA20511	EUR	GM20511	male	SAME124563	TSI	Toscani	European Ancestry	TSI	"1000 Genomes on GRCh38,1000 Genomes 30x on GRCh38,1000 Genomes phase 3 release"
NA20799	NA20799	EUR	GM20799	female	SAME123822	TSI	Toscani	European Ancestry	TSI	"1000 Genomes on GRCh38,1000 Genomes 30x on GRCh38,1000 Genomes phase 3 release,1000 Genomes phase 1 release,Geuvadis"
NA19448	NA19448	AFR	GM19448	male	SAME122945	LWK	Luhya	African Ancestry	LWK	"1000 Genomes on GRCh38,1000 Genomes 30x on GRCh38,1000 Genomes phase 3 release,1000 Genomes phase 1 release"
NA19258	NA19258	AFR	GM19258	male	SAME125045	YRI	Yoruba	African Ancestry	YRI	"1000 Genomes 30x on GRCh38,1000 Genomes phase 3 release"
NA20807	NA20807	EUR	GM20807	female	SAME125363	TSI	Toscani	European Ancestry	TSI	"1000 Genomes on GRCh38,1000 Genomes 30x on GRCh38,1000 Genomes phase 3 release,1000 Genomes phase 1 release,Geuvadis"
NA20819	NA20819	EUR	GM20819	female	SAME125183	TSI	Toscani	European Ancestry	TSI	"1000 Genomes on GRCh38,1000 Genomes 30x on GRCh38,1000 Genomes phase 3 release,1000 Genomes phase 1 release,Geuvadis"
NA20821	NA20821	EUR	GM20821	female	SAME123075	TSI	Toscani	European Ancestry	TSI	"1000 Genomes on GRCh38,1000 Genomes 30x on GRCh38,1000 Genomes phase 3 release"
NA19323	NA19323	AFR	GM19323	female	SAME123471	LWK	Luhya	African Ancestry	LWK	"1000 Genomes on GRCh38,1000 Genomes 30x on GRCh38,1000 Genomes phase 3 release"
NA20826	NA20826	EUR	GM20826	female	SAME123070	TSI	Toscani	European Ancestry	TSI	"1000 Genomes on GRCh38,1000 Genomes 30x on GRCh38,1000 Genomes phase 3 release,1000 Genomes phase 1 release,Geuvadis"
NA19328	NA19328	AFR	GM19328	female	SAME123463	LWK	Luhya	African Ancestry	LWK	"1000 Genomes on GRCh38,1000 Genomes 30x on GRCh38,1000 Genomes phase 3 release,1000 Genomes phase 1 release"
NA19378	NA19378	AFR	GM19378	female	SAME125091	LWK	Luhya	African Ancestry	LWK	"1000 Genomes on GRCh38,1000 Genomes 30x on GRCh38,1000 Genomes phase 3 release"
NA19380	NA19380	AFR	GM19380	male	SAME124276	LWK	Luhya	African Ancestry	LWK	"1000 Genomes on GRCh38,1000 Genomes 30x on GRCh38,1000 Genomes phase 3 release,1000 Genomes phase 1 release"
NA20756	NA20756	EUR	GM20756	female	SAME124175	TSI	Toscani	European Ancestry	TSI	"1000 Genomes on GRCh38,1000 Genomes 30x on GRCh38,1000 Genomes phase 3 release,1000 Genomes phase 1 release,Geuvadis"
NA19385	NA19385	AFR	GM19385	male	SAME124271	LWK	Luhya	African Ancestry	LWK	"1000 Genomes on GRCh38,1000 Genomes 30x on GRCh38,1000 Genomes phase 3 release,1000 Genomes phase 1 release"
NA19474	NA19474	AFR	GM19474	female	SAME123122	LWK	Luhya	African Ancestry	LWK	"1000 Genomes on GRCh38,1000 Genomes 30x on GRCh38,1000 Genomes phase 3 release,1000 Genomes phase 1 release"
NA20528	NA20528	EUR	GM20528	male	SAME124012	TSI	Toscani	European Ancestry	TSI	"1000 Genomes on GRCh38,1000 Genomes 30x on GRCh38,1000 Genomes phase 3 release,1000 Genomes phase 1 release,Geuvadis"
NA20535	NA20535	EUR	GM20535	female	SAME124166	TSI	Toscani	European Ancestry	TSI	"1000 Genomes on GRCh38,1000 Genomes 30x on GRCh38,1000 Genomes phase 3 release,1000 Genomes phase 1 release,Geuvadis"
NA20542	NA20542	EUR	GM20542	female	SAME125150	TSI	Toscani	European Ancestry	TSI	"1000 Genomes on GRCh38,1000 Genomes 30x on GRCh38,1000 Genomes phase 3 release,1000 Genomes phase 1 release,Geuvadis"
NA20585	NA20585	EUR	GM20585	female	SAME122861	TSI	Toscani	European Ancestry	TSI	"1000 Genomes on GRCh38,1000 Genomes 30x on GRCh38,1000 Genomes phase 3 release,1000 Genomes phase 1 release,Geuvadis"
NA19203	NA19203	AFR	GM19203	male	SAME122988	YRI	Yoruba	African Ancestry	YRI	"1000 Genomes 30x on GRCh38,1000 Genomes phase 3 release"
NA20510	NA20510	EUR	GM20510	male	SAME124562	TSI	Toscani	European Ancestry	TSI	"1000 Genomes on GRCh38,1000 Genomes 30x on GRCh38,1000 Genomes phase 3 release,1000 Genomes phase 1 release,Geuvadis"
NA20522	NA20522	EUR	GM20522	female	SAME124017	TSI	Toscani	European Ancestry	TSI	"1000 Genomes on GRCh38,1000 Genomes 30x on GRCh38,1000 Genomes phase 3 release,1000 Genomes phase 1 release"
NA20534	NA20534	EUR	GM20534	male	SAME124165	TSI	Toscani	European Ancestry	TSI	"1000 Genomes on GRCh38,1000 Genomes 30x on GRCh38,1000 Genomes phase 3 release,1000 Genomes phase 1 release,Geuvadis"
NA20774	NA20774	EUR	GM20774	female	SAME124572	TSI	Toscani	European Ancestry	TSI	"1000 Genomes on GRCh38,1000 Genomes 30x on GRCh38,1000 Genomes phase 3 release,1000 Genomes phase 1 release,Geuvadis"
NA20798	NA20798	EUR	GM20798	male	SAME123821	TSI	Toscani	European Ancestry	TSI	"1000 Genomes on GRCh38,1000 Genomes 30x on GRCh38,1000 Genomes phase 3 release,1000 Genomes phase 1 release,Geuvadis"
NA20801	NA20801	EUR	GM20801	male	SAME125365	TSI	Toscani	European Ancestry	TSI	"1000 Genomes on GRCh38,1000 Genomes 30x on GRCh38,1000 Genomes phase 3 release,1000 Genomes phase 1 release,Geuvadis"
NA20806	NA20806	EUR	GM20806	male	SAME125362	TSI	Toscani	European Ancestry	TSI	"1000 Genomes on GRCh38,1000 Genomes 30x on GRCh38,1000 Genomes phase 3 release,1000 Genomes phase 1 release,Geuvadis"
NA20813	NA20813	EUR	GM20813	female	SAME125189	TSI	Toscani	European Ancestry	TSI	"1000 Genomes on GRCh38,1000 Genomes 30x on GRCh38,1000 Genomes phase 3 release,1000 Genomes phase 1 release,Geuvadis"
NA20818	NA20818	EUR	GM20818	female	SAME125184	TSI	Toscani	European Ancestry	TSI	"1000 Genomes on GRCh38,1000 Genomes 30x on GRCh38,1000 Genomes phase 3 release,1000 Genomes phase 1 release"
NA20832	NA20832	EUR	GM20832	female	SAME122894	TSI	Toscani	European Ancestry	TSI	"1000 Genomes on GRCh38,1000 Genomes 30x on GRCh38,1000 Genomes phase 3 release"
HG00121	HG00121	EUR	HG00121	female	SAME122873	GBR	British	European Ancestry	GBR	"1000 Genomes on GRCh38,1000 Genomes 30x on GRCh38,1000 Genomes phase 3 release,1000 Genomes phase 1 release,Geuvadis"
HG00133	HG00133	EUR	HG00133	female	SAME123062	GBR	British	European Ancestry	GBR	"1000 Genomes on GRCh38,1000 Genomes 30x on GRCh38,1000 Genomes phase 3 release,1000 Genomes phase 1 release,Geuvadis"
HG00138	HG00138	EUR	HG00138	male	SAME123059	GBR	British	European Ancestry	GBR	"1000 Genomes on GRCh38,1000 Genomes 30x on GRCh38,1000 Genomes phase 3 release,1000 Genomes phase 1 release,Geuvadis"
HG00140	HG00140	EUR	HG00140	male	SAME124396	GBR	British	European Ancestry	GBR	"1000 Genomes on GRCh38,1000 Genomes 30x on GRCh38,1000 Genomes phase 3 release,1000 Genomes phase 1 release"
HG00145	HG00145	EUR	HG00145	male	SAME124391	GBR	British	European Ancestry	GBR	"1000 Genomes on GRCh38,1000 Genomes 30x on GRCh38,1000 Genomes phase 3 release,1000 Genomes phase 1 release,Geuvadis"
HG00157	HG00157	EUR	HG00157	male	SAME124590	GBR	British	European Ancestry	GBR	"1000 Genomes on GRCh38,1000 Genomes 30x on GRCh38,1000 Genomes phase 3 release,1000 Genomes phase 1 release,Geuvadis"
HG00171	HG00171	EUR	HG00171	female	SAME124961	FIN	Finnish	European Ancestry	FIN	"1000 Genomes on GRCh38,1000 Genomes 30x on GRCh38,Human Genome Structural Variation Consortium 2,1000 Genomes phase 3 release,1000 Genomes phase 1 release,Geuvadis"
HG00102	HG00102	EUR	HG00102	female	SAME123945	GBR	British	European Ancestry	GBR	"1000 Genomes on GRCh38,1000 Genomes 30x on GRCh38,1000 Genomes phase 3 release,1000 Genomes phase 1 release,Geuvadis"
HG00183	HG00183	EUR	HG00183	male	SAME123642	FIN	Finnish	European Ancestry	FIN	"1000 Genomes on GRCh38,1000 Genomes 30x on GRCh38,1000 Genomes phase 3 release,1000 Genomes phase 1 release,Geuvadis"
HG00190	HG00190	EUR	HG00190	male	SAME123856	FIN	"Finnish,Finnish"	"European Ancestry,West Eurasia (SGDP)"	"FIN,FinnishSGDP"	"1000 Genomes on GRCh38,Simons Genome Diversity Project,1000 Genomes 30x on GRCh38,1000 Genomes phase 3 release,1000 Genomes phase 1 release"
HG00234	HG00234	EUR	HG00234	male	SAME124123	GBR	British	European Ancestry	GBR	"1000 Genomes on GRCh38,1000 Genomes 30x on GRCh38,1000 Genomes phase 3 release,1000 Genomes phase 1 release,Geuvadis"
HG00246	HG00246	EUR	HG00246	male	SAME123219	GBR	British	European Ancestry	GBR	"1000 Genomes on GRCh38,1000 Genomes 30x on GRCh38,1000 Genomes phase 3 release,1000 Genomes phase 1 release,Geuvadis"
HG00366	HG00366	EUR	HG00366	male	SAME124541	FIN	Finnish	European Ancestry	FIN	"1000 Genomes on GRCh38,1000 Genomes 30x on GRCh38,1000 Genomes phase 3 release,1000 Genomes phase 1 release,Geuvadis"
HG00373	HG00373	EUR	HG00373	female	SAME124749	FIN	Finnish	European Ancestry	FIN	"1000 Genomes on GRCh38,1000 Genomes 30x on GRCh38,1000 Genomes phase 3 release,1000 Genomes phase 1 release,Geuvadis"
HG00378	HG00378	EUR	HG00378	female	SAME124745	FIN	Finnish	European Ancestry	FIN	"1000 Genomes on GRCh38,1000 Genomes 30x on GRCh38,1000 Genomes phase 3 release,1000 Genomes phase 1 release,Geuvadis"
HG00380	HG00380	EUR	HG00380	female	SAME123031	FIN	Finnish	European Ancestry	FIN	"1000 Genomes on GRCh38,1000 Genomes 30x on GRCh38,1000 Genomes phase 3 release,1000 Genomes phase 1 release,Geuvadis"
HG00253	HG00253	EUR	HG00253	female	SAME123051	GBR	British	European Ancestry	GBR	"1000 Genomes on GRCh38,1000 Genomes 30x on GRCh38,1000 Genomes phase 3 release,1000 Genomes phase 1 release,Geuvadis"
HG00260	HG00260	EUR	HG00260	male	SAME123582	GBR	British	European Ancestry	GBR	"1000 Genomes on GRCh38,1000 Genomes 30x on GRCh38,1000 Genomes phase 3 release,1000 Genomes phase 1 release,Geuvadis"
HG00272	HG00272	EUR	HG00272	female	SAME123420	FIN	Finnish	European Ancestry	FIN	"1000 Genomes on GRCh38,1000 Genomes 30x on GRCh38,1000 Genomes phase 3 release,1000 Genomes phase 1 release,Geuvadis"
HG00277	HG00277	EUR	HG00277	male	SAME123423	FIN	Finnish	European Ancestry	FIN	"1000 Genomes on GRCh38,1000 Genomes 30x on GRCh38,1000 Genomes phase 3 release,1000 Genomes phase 1 release,Geuvadis"
HG00335	HG00335	EUR	HG00335	male	SAME123982	FIN	Finnish	European Ancestry	FIN	"1000 Genomes on GRCh38,1000 Genomes 30x on GRCh38,1000 Genomes phase 3 release,1000 Genomes phase 1 release,Geuvadis"
HG00361	HG00361	EUR	HG00361	female	SAME124538	FIN	Finnish	European Ancestry	FIN	"1000 Genomes on GRCh38,1000 Genomes 30x on GRCh38,1000 Genomes phase 3 release,1000 Genomes phase 1 release,Geuvadis"
HG00304	HG00304	EUR	HG00304	female	SAME1840118	FIN	Finnish	European Ancestry	FIN	"1000 Genomes on GRCh38,1000 Genomes 30x on GRCh38,1000 Genomes phase 3 release"
HG00309	HG00309	EUR	HG00309	female	SAME124160	FIN	Finnish	European Ancestry	FIN	"1000 Genomes on GRCh38,1000 Genomes 30x on GRCh38,1000 Genomes phase 3 release,1000 Genomes phase 1 release,Geuvadis"
HG00311	HG00311	EUR	HG00311	male	SAME124339	FIN	Finnish	European Ancestry	FIN	"1000 Genomes on GRCh38,1000 Genomes 30x on GRCh38,1000 Genomes phase 3 release,1000 Genomes phase 1 release,Geuvadis"
HG00323	HG00323	EUR	HG00323	female	SAME123795	FIN	Finnish	European Ancestry	FIN	"1000 Genomes on GRCh38,1000 Genomes 30x on GRCh38,1000 Genomes phase 3 release,1000 Genomes phase 1 release,Geuvadis"
HG01504	HG01504	EUR	HG01504	female	SAME124945	IBS	"Iberian,Spanish"	"European Ancestry,West Eurasia (SGDP)"	"IBS,SpanishSGDP"	"1000 Genomes on GRCh38,Simons Genome Diversity Project,1000 Genomes 30x on GRCh38,1000 Genomes phase 3 release"
HG01511	HG01511	EUR	HG01511	female	SAME124770	IBS	Iberian	European Ancestry	IBS	"1000 Genomes 30x on GRCh38,1000 Genomes phase 3 release"
HG01523	HG01523	EUR	HG01523	male	SAME125322	IBS	Iberian	European Ancestry	IBS	"1000 Genomes 30x on GRCh38,1000 Genomes phase 3 release"
HG01674	HG01674	EUR	HG01674	male	SAME123286	IBS	Iberian	European Ancestry	IBS	"1000 Genomes 30x on GRCh38,1000 Genomes phase 3 release"
HG01681	HG01681	EUR	HG01681	female	SAME124655	IBS	Iberian	European Ancestry	IBS	"1000 Genomes 30x on GRCh38,1000 Genomes phase 3 release"
HG01605	HG01605	EUR	HG01605	female	SAME123459	IBS	Iberian	European Ancestry	IBS	"1000 Genomes on GRCh38,1000 Genomes 30x on GRCh38,1000 Genomes phase 3 release"
HG01770	HG01770	EUR	HG01770	female	SAME124638	IBS	Iberian	European Ancestry	IBS	"1000 Genomes on GRCh38,1000 Genomes 30x on GRCh38,1000 Genomes phase 3 release"
HG01706	HG01706	EUR	HG01706	female	SAME123263	IBS	Iberian	European Ancestry	IBS	"1000 Genomes 30x on GRCh38,1000 Genomes phase 3 release"
HG02595	HG02595	AFR	HG02595	female	SAME1839204	GWD	Gambian Mandinka	African Ancestry	GWD	"1000 Genomes on GRCh38,1000 Genomes 30x on GRCh38,1000 Genomes phase 3 release"
HG02704	HG02704	AFR	HG02704	female	SAME1840134	GWD	Gambian Mandinka	African Ancestry	GWD	1000 Genomes 30x on GRCh38
HG02646	HG02646	AFR	HG02646	female	SAME1839770	GWD	Gambian Mandinka	African Ancestry	GWD	"1000 Genomes on GRCh38,1000 Genomes 30x on GRCh38,1000 Genomes phase 3 release"
HG02622	HG02622	AFR	HG02622	female	SAME1840185	GWD	Gambian Mandinka	African Ancestry	GWD	1000 Genomes 30x on GRCh38
HG02879	HG02879	AFR	HG02879	female	SAME1840355	GWD	Gambian Mandinka	African Ancestry	GWD	"1000 Genomes on GRCh38,1000 Genomes 30x on GRCh38,1000 Genomes phase 3 release"
HG02800	HG02800	AFR	HG02800	male	SAME1840000	GWD	Gambian Mandinka	African Ancestry	GWD	1000 Genomes 30x on GRCh38
HG02759	HG02759	AFR	HG02759	male	SAME1839445	GWD	Gambian Mandinka	African Ancestry	GWD	"1000 Genomes on GRCh38,1000 Genomes 30x on GRCh38,1000 Genomes phase 3 release"
HG02817	HG02817	AFR	HG02817	female	SAME1839819	GWD	Gambian Mandinka	African Ancestry	GWD	"1000 Genomes on GRCh38,1000 Genomes 30x on GRCh38,1000 Genomes phase 3 release"
HG02836	HG02836	AFR	HG02836	male	SAME1839428	GWD	Gambian Mandinka	African Ancestry	GWD	"1000 Genomes on GRCh38,1000 Genomes 30x on GRCh38,1000 Genomes phase 3 release"
HG03050	HG03050	AFR	HG03050	male	SAME1839482	GWD	Gambian Mandinka	African Ancestry	GWD	1000 Genomes 30x on GRCh38
HG03137	HG03137	AFR	HG03137	male	SAME1839390	ESN	Esan	African Ancestry	ESN	1000 Genomes 30x on GRCh38
HG03074	HG03074	AFR	HG03074	male	SAME1839029	MSL	Mende	African Ancestry	MSL	"1000 Genomes on GRCh38,1000 Genomes 30x on GRCh38,1000 Genomes phase 3 release"
HG03079	HG03079	AFR	HG03079	female	SAME1839051	MSL	Mende	African Ancestry	MSL	"1000 Genomes on GRCh38,1000 Genomes 30x on GRCh38,1000 Genomes phase 3 release"
HG03086	HG03086	AFR	HG03086	female	SAME1840331	MSL	Mende	African Ancestry	MSL	"1000 Genomes on GRCh38,1000 Genomes 30x on GRCh38,1000 Genomes phase 3 release"
HG03098	HG03098	AFR	HG03098	male	SAME1840136	MSL	Mende	African Ancestry	MSL	1000 Genomes 30x on GRCh38
HG03120	HG03120	AFR	HG03120	male	SAME1839557	ESN	Esan	African Ancestry	ESN	"1000 Genomes on GRCh38,1000 Genomes 30x on GRCh38,1000 Genomes phase 3 release"
HG03168	HG03168	AFR	HG03168	female	SAME1839143	ESN	Esan	African Ancestry	ESN	"1000 Genomes on GRCh38,1000 Genomes 30x on GRCh38,1000 Genomes phase 3 release"
HG03199	HG03199	AFR	HG03199	male	SAME1839937	ESN	Esan	African Ancestry	ESN	"1000 Genomes on GRCh38,1000 Genomes 30x on GRCh38,1000 Genomes phase 3 release"
HG03461	HG03461	AFR	HG03461	female	SAME1839808	MSL	Mende	African Ancestry	MSL	"1000 Genomes on GRCh38,1000 Genomes 30x on GRCh38,1000 Genomes phase 3 release"
HG03428	HG03428	AFR	HG03428	female	SAME1840409	MSL	Mende	African Ancestry	MSL	"1000 Genomes on GRCh38,1000 Genomes 30x on GRCh38,1000 Genomes phase 3 release"
HG03567	HG03567	AFR	HG03567	female	SAME1839364	MSL	Mende	African Ancestry	MSL	"1000 Genomes on GRCh38,1000 Genomes 30x on GRCh38,1000 Genomes phase 3 release"
HG03517	HG03517	AFR	HG03517	female	SAME1840163	ESN	Esan	African Ancestry	ESN	"1000 Genomes on GRCh38,1000 Genomes 30x on GRCh38,1000 Genomes phase 3 release"
HG03548	HG03548	AFR	HG03548	female	SAME1839883	MSL	Mende	African Ancestry	MSL	"1000 Genomes on GRCh38,1000 Genomes 30x on GRCh38,1000 Genomes phase 3 release"
NA18485	NA18485	AFR	GM18485	male	SAME124100	YRI	Yoruba	African Ancestry	YRI	"1000 Genomes 30x on GRCh38,1000 Genomes phase 3 release"
NA18911	NA18911	AFR	GM18911	male	SAME123401	YRI	Yoruba	African Ancestry	YRI	"1000 Genomes 30x on GRCh38,1000 Genomes phase 3 release"
NA18923	NA18923	AFR	GM18923	male	SAME123205	YRI	Yoruba	African Ancestry	YRI	"1000 Genomes on GRCh38,1000 Genomes 30x on GRCh38,1000 Genomes phase 3 release,1000 Genomes phase 1 release,Geuvadis"
NA19109	NA19109	AFR	GM19109	female	SAME124544	YRI	Yoruba	African Ancestry	YRI	"1000 Genomes 30x on GRCh38,1000 Genomes phase 3 release"
NA19123	NA19123	AFR	GM19123	male	SAME125013	YRI	Yoruba	African Ancestry	YRI	"1000 Genomes 30x on GRCh38,1000 Genomes phase 3 release"
NA19128	NA19128	AFR	GM19128	male	SAME125022	YRI	Yoruba	African Ancestry	YRI	"1000 Genomes 30x on GRCh38,1000 Genomes phase 3 release"
NA19154	NA19154	AFR	GM19154	male	SAME124835	YRI	Yoruba	African Ancestry	YRI	"1000 Genomes 30x on GRCh38,1000 Genomes phase 3 release"
NA19159	NA19159	AFR	GM19159	female	SAME124716	YRI	Yoruba	African Ancestry	YRI	"1000 Genomes on GRCh38,1000 Genomes 30x on GRCh38,1000 Genomes phase 3 release,1000 Genomes phase 1 release,Geuvadis"
NA19041	NA19041	AFR	GM19041	male	SAME125241	LWK	Luhya	African Ancestry	LWK	"1000 Genomes on GRCh38,1000 Genomes 30x on GRCh38,1000 Genomes phase 3 release,1000 Genomes phase 1 release"
NA19173	NA19173	AFR	GM19173	male	SAME124421	YRI	Yoruba	African Ancestry	YRI	"1000 Genomes 30x on GRCh38,1000 Genomes phase 3 release"
NA19440	NA19440	AFR	GM19440	female	SAME122951	LWK	Luhya	African Ancestry	LWK	"1000 Genomes on GRCh38,1000 Genomes 30x on GRCh38,1000 Genomes phase 3 release,1000 Genomes phase 1 release"
NA19248	NA19248	AFR	GM19248	male	SAME123681	YRI	Yoruba	African Ancestry	YRI	"1000 Genomes on GRCh38,1000 Genomes 30x on GRCh38,1000 Genomes phase 3 release,1000 Genomes phase 1 release,Geuvadis"
NA19318	NA19318	AFR	GM19318	male	SAME124753	LWK	Luhya	African Ancestry	LWK	"1000 Genomes on GRCh38,1000 Genomes 30x on GRCh38,1000 Genomes phase 3 release,1000 Genomes phase 1 release"
NA19320	NA19320	AFR	GM19320	female	SAME124570	LWK	Luhya	African Ancestry	LWK	"1000 Genomes on GRCh38,1000 Genomes 30x on GRCh38,1000 Genomes phase 3 release"
NA19332	NA19332	AFR	GM19332	female	SAME123723	LWK	Luhya	African Ancestry	LWK	"1000 Genomes on GRCh38,1000 Genomes 30x on GRCh38,1000 Genomes phase 3 release,1000 Genomes phase 1 release"
NA19351	NA19351	AFR	GM19351	female	SAME122854	LWK	Luhya	African Ancestry	LWK	"1000 Genomes on GRCh38,1000 Genomes 30x on GRCh38,1000 Genomes phase 3 release,1000 Genomes phase 1 release"
NA19452	NA19452	AFR	GM19452	male	SAME125414	LWK	Luhya	African Ancestry	LWK	"1000 Genomes on GRCh38,1000 Genomes 30x on GRCh38,1000 Genomes phase 3 release,1000 Genomes phase 1 release"
NA20531	NA20531	EUR	GM20531	female	SAME124170	TSI	Toscani	European Ancestry	TSI	"1000 Genomes on GRCh38,1000 Genomes 30x on GRCh38,1000 Genomes phase 3 release,1000 Genomes phase 1 release,Geuvadis"
NA20536	NA20536	EUR	GM20536	male	SAME124167	TSI	Toscani	European Ancestry	TSI	"1000 Genomes on GRCh38,1000 Genomes 30x on GRCh38,1000 Genomes phase 3 release,1000 Genomes phase 1 release,Geuvadis"
NA20769	NA20769	EUR	GM20769	female	SAME124371	TSI	Toscani	European Ancestry	TSI	"1000 Genomes on GRCh38,1000 Genomes 30x on GRCh38,1000 Genomes phase 3 release,1000 Genomes phase 1 release,Geuvadis"
NA20771	NA20771	EUR	GM20771	female	SAME124577	TSI	Toscani	European Ancestry	TSI	"1000 Genomes on GRCh38,1000 Genomes 30x on GRCh38,1000 Genomes phase 3 release,1000 Genomes phase 1 release,Geuvadis"
NA20783	NA20783	EUR	GM20783	male	SAME123607	TSI	Toscani	European Ancestry	TSI	"1000 Genomes on GRCh38,1000 Genomes 30x on GRCh38,1000 Genomes phase 3 release,1000 Genomes phase 1 release,Geuvadis"
NA20517	NA20517	EUR	GM20517	female	SAME124557	TSI	Toscani	European Ancestry	TSI	"1000 Genomes on GRCh38,1000 Genomes 30x on GRCh38,1000 Genomes phase 3 release,1000 Genomes phase 1 release,Geuvadis"
NA20790	NA20790	EUR	GM20790	female	SAME123815	TSI	Toscani	European Ancestry	TSI	"1000 Genomes on GRCh38,1000 Genomes 30x on GRCh38,1000 Genomes phase 3 release,1000 Genomes phase 1 release,Geuvadis"
NA20795	NA20795	EUR	GM20795	female	SAME123818	TSI	Toscani	European Ancestry	TSI	"1000 Genomes on GRCh38,1000 Genomes 30x on GRCh38,1000 Genomes phase 3 release,1000 Genomes phase 1 release,Geuvadis"
NA20803	NA20803	EUR	GM20803	male	SAME125367	TSI	Toscani	European Ancestry	TSI	"1000 Genomes on GRCh38,1000 Genomes 30x on GRCh38,1000 Genomes phase 3 release,1000 Genomes phase 1 release,Geuvadis"
NA20810	NA20810	EUR	GM20810	male	SAME125192	TSI	Toscani	European Ancestry	TSI	"1000 Genomes on GRCh38,1000 Genomes 30x on GRCh38,1000 Genomes phase 3 release,1000 Genomes phase 1 release,Geuvadis"
NA20822	NA20822	EUR	GM20822	female	SAME123073	TSI	Toscani	European Ancestry	TSI	"1000 Genomes on GRCh38,1000 Genomes 30x on GRCh38,1000 Genomes phase 3 release"
NA20827	NA20827	EUR	GM20827	male	SAME123071	TSI	Toscani	European Ancestry	TSI	"1000 Genomes on GRCh38,1000 Genomes 30x on GRCh38,1000 Genomes phase 3 release"
NA07000	NA07000	EUR	GM07000	female	SAME124963	CEU	CEPH	European Ancestry	CEU	"1000 Genomes on GRCh38,1000 Genomes 30x on GRCh38,1000 Genomes phase 3 release,1000 Genomes phase 1 release,Geuvadis"
NA07048	NA07048	EUR	GM07048	male	SAME124188	CEU	CEPH	European Ancestry	CEU	"1000 Genomes on GRCh38,1000 Genomes 30x on GRCh38,1000 Genomes phase 3 release,1000 Genomes phase 1 release,Geuvadis"
NA12249	NA12249	EUR	GM12249	female	SAME125371	CEU	CEPH	European Ancestry	CEU	"1000 Genomes on GRCh38,1000 Genomes 30x on GRCh38,1000 Genomes phase 3 release,1000 Genomes phase 1 release,Geuvadis"
NA12489	NA12489	EUR	GM12489	female	SAME125358	CEU	CEPH	European Ancestry	CEU	"1000 Genomes on GRCh38,1000 Genomes 30x on GRCh38,1000 Genomes phase 3 release,1000 Genomes phase 1 release,Geuvadis"
NA10856	NA10856	EUR	GM10856	male	SAME124935	CEU	CEPH	European Ancestry	CEU	"1000 Genomes 30x on GRCh38,1000 Genomes phase 3 release"
NA10837	NA10837	EUR	GM10837	male	SAME124546	CEU	CEPH	European Ancestry	CEU	"1000 Genomes 30x on GRCh38,1000 Genomes phase 3 release"
NA12814	NA12814	EUR	GM12814	male	SAME123021	CEU	CEPH	European Ancestry	CEU	"1000 Genomes on GRCh38,1000 Genomes 30x on GRCh38,1000 Genomes phase 3 release,1000 Genomes phase 1 release,Geuvadis"
NA12767	NA12767	EUR	GM12767	female	SAME124472	CEU	CEPH	European Ancestry	CEU	"1000 Genomes 30x on GRCh38,1000 Genomes phase 3 release"
NA12003	NA12003	EUR	GM12003	male	SAME125142	CEU	CEPH	European Ancestry	CEU	"1000 Genomes on GRCh38,1000 Genomes 30x on GRCh38,1000 Genomes phase 3 release,1000 Genomes phase 1 release"
NA12818	NA12818	EUR	GM12818	female	SAME123025	CEU	CEPH	European Ancestry	CEU	"1000 Genomes 30x on GRCh38,1000 Genomes phase 3 release"
NA12832	NA12832	EUR	GM12832	female	SAME125290	CEU	CEPH	European Ancestry	CEU	"1000 Genomes 30x on GRCh38,1000 Genomes phase 3 release"
NA11933	NA11933	EUR	GM11933	female	SAME125098	CEU	CEPH	European Ancestry	CEU	"1000 Genomes on GRCh38,1000 Genomes 30x on GRCh38,1000 Genomes phase 3 release,1000 Genomes phase 1 release"
NA06989	NA06989	EUR	GM06989	female	SAME124760	CEU	CEPH	European Ancestry	CEU	"1000 Genomes on GRCh38,1000 Genomes 30x on GRCh38,1000 Genomes phase 3 release,1000 Genomes phase 1 release,Geuvadis"
NA12335	NA12335	EUR	GM12335	male	SAME124097	CEU	CEPH	European Ancestry	CEU	"1000 Genomes 30x on GRCh38,1000 Genomes phase 3 release"
NA12400	NA12400	EUR	GM12400	female	SAME123881	CEU	CEPH	European Ancestry	CEU	"1000 Genomes on GRCh38,1000 Genomes 30x on GRCh38,1000 Genomes phase 3 release,1000 Genomes phase 1 release,Geuvadis"
NA12056	NA12056	EUR	GM12056	male	SAME123414	CEU	CEPH	European Ancestry	CEU	"1000 Genomes 30x on GRCh38,1000 Genomes phase 3 release"
NA12234	NA12234	EUR	GM12234	female	SAME124003	CEU	CEPH	European Ancestry	CEU	"1000 Genomes on GRCh38,1000 Genomes 30x on GRCh38,1000 Genomes phase 3 release,1000 Genomes phase 1 release,Geuvadis"
NA10860	NA10860	EUR	GM10860	male	SAME125131	CEU	CEPH	European Ancestry	CEU	"1000 Genomes 30x on GRCh38,1000 Genomes phase 3 release"
NA12873	NA12873	EUR	GM12873	female	SAME123388	CEU	CEPH	European Ancestry	CEU	"1000 Genomes on GRCh38,1000 Genomes 30x on GRCh38,1000 Genomes phase 3 release,1000 Genomes phase 1 release,Geuvadis"
NA11881	NA11881	EUR	GM11881	male	SAME123209	CEU	CEPH	European Ancestry	CEU	"1000 Genomes on GRCh38,1000 Genomes 30x on GRCh38,1000 Genomes phase 3 release,1000 Genomes phase 1 release,Geuvadis"
NA07037	NA07037	EUR	GM07037	female	SAME122862	CEU	CEPH	European Ancestry	CEU	"1000 Genomes on GRCh38,1000 Genomes 30x on GRCh38,1000 Genomes phase 3 release,1000 Genomes phase 1 release,Geuvadis"
NA12877	NA12877	EUR	GM12877	male	SAME123391	CEU	CEPH	European Ancestry	CEU	"1000 Genomes 30x on GRCh38,Illumina Platinum pedigree,1000 Genomes phase 3 release"
NA12156	NA12156	EUR	GM12156	female	SAME124952	CEU	CEPH	European Ancestry	CEU	"1000 Genomes on GRCh38,1000 Genomes 30x on GRCh38,1000 Genomes phase 3 release,1000 Genomes phase 1 release,Geuvadis"
NA12740	NA12740	EUR	GM12740	female	SAME124822	CEU	CEPH	European Ancestry	CEU	"1000 Genomes 30x on GRCh38,1000 Genomes phase 3 release"
NA12752	NA12752	EUR	GM12752	male	SAME123518	CEU	CEPH	European Ancestry	CEU	"1000 Genomes 30x on GRCh38,1000 Genomes phase 3 release"
NA10847	NA10847	EUR	GM10847	female	SAME124757	CEU	CEPH	European Ancestry	CEU	"1000 Genomes on GRCh38,1000 Genomes 30x on GRCh38,1000 Genomes phase 3 release,1000 Genomes phase 1 release,Geuvadis"
NA07349	NA07349	EUR	GM07349	male	SAME123568	CEU	CEPH	European Ancestry	CEU	"1000 Genomes 30x on GRCh38,1000 Genomes phase 3 release"
NA12413	NA12413	EUR	GM12413	male	SAME124055	CEU	CEPH	European Ancestry	CEU	"1000 Genomes on GRCh38,1000 Genomes 30x on GRCh38,1000 Genomes phase 3 release,1000 Genomes phase 1 release,Geuvadis"